categoria,cat_url,app_name,card_url,before_open_url,new_tab_open_url,final_url
Trending This Week,https://tapps.center/trending,"PlayDeck
Your ultimate game catalog on Telegram
OPEN",,https://tapps.center/application/playdeck,https://t.me/playdeckbot,https://tapps.center/trending
Trending This Week,https://tapps.center/trending,"Quantum Bit
21 Millions $QBit Miner
OPEN",,https://tapps.center/application/quantumbit,https://t.me/QBiTminer_bot,https://tapps.center/trending
Trending This Week,https://tapps.center/trending,"Stake and Wake
Wake up. Claim the TON of those who couldn't.
OPEN",,https://tapps.center/application/stakeandwake,https://t.me/stakeandwake_bot,https://tapps.center/trending
Trending This Week,https://tapps.center/trending,"Velour
Dating for open-minded people
OPEN",,https://tapps.center/application/velour,https://t.me/VelourAppBot,https://tapps.center/trending
Trending This Week,https://tapps.center/trending,"Ronin Rise
The ultimate TON blockchain warrior game
OPEN",,https://tapps.center/application/roninrise,https://t.me/RoninRiseTONbot,https://tapps.center/trending
Trending This Week,https://tapps.center/trending,"ECOS - Bitcoin Mining Company
Bitcoin Mining - Buy, Rent, Host&Trade ASICs, Clou",,https://tapps.center/application/ecosbitcoinminingcompany,https://t.me/ECOS_BTC_Mining_bot,https://tapps.center/trending
Games,https://tapps.center/games,"Notcoin
Editors' Choice
Probably nothing.
OPEN",,https://tapps.center/application/notcoin,https://t.me/notcoin_bot,https://tapps.center/games
Games,https://tapps.center/games,"Gatto
Editors' Choice
Grow Gattomons, compete with other players and earn TON!
O",,https://tapps.center/application/gatto,https://t.me/gatto_gamebot,https://tapps.center/games
Games,https://tapps.center/games,"Catizen
Where Every Game Leads to an Airdrop
OPEN",,https://tapps.center/application/catizen,https://t.me/catizenbot,https://tapps.center/games
Games,https://tapps.center/games,"Fanton Fantasy Football
First P2E game in the Fantasy Football integrated in Tel",,https://tapps.center/application/fantonfantasyfootball,https://t.me/fantongamebot,https://tapps.center/games
Games,https://tapps.center/games,"Duckygram
Editors' Choice
Breed unique collectible ducks and earn $EGG
OPEN",,https://tapps.center/application/duckygram,https://t.me/duckygram_bot,https://tapps.center/games
Games,https://tapps.center/games,"Major
Editors' Choice
First rating game in Telegram.
OPEN",,https://tapps.center/application/major,https://t.me/major,https://tapps.center/games
Games,https://tapps.center/games,"Dogs
It is not just another meme coin. It’s the most Telegram-native meme coin, ",,https://tapps.center/application/dogs,https://t.me/dogshouse_bot,https://tapps.center/games
Games,https://tapps.center/games,"The Pixels
Amazing social multiplayer game. Draw, Win, Earn!
OPEN",,https://tapps.center/application/thepixels,https://t.me/the_pixels_bot,https://tapps.center/games
Games,https://tapps.center/games,"PlayDeck
Your ultimate game catalog on Telegram
OPEN",,https://tapps.center/application/playdeck,https://t.me/playdeckbot,https://tapps.center/games
Games,https://tapps.center/games,"Hackney Games
Play multiplayer games, challenge friends, and compete for high sc",,https://tapps.center/application/gamesplatform,https://t.me/InstantGames_bot,https://tapps.center/games
Games,https://tapps.center/games,"Punk City
$PUNK GameFi ecosystem. Runs on The Open Network.
OPEN",,https://tapps.center/application/punkcity,https://t.me/PunkCity2094bot,https://tapps.center/games
Games,https://tapps.center/games,"TON Map
NEW
Digital lands on TON
OPEN",,https://tapps.center/application/tonmap,https://t.me/thetonmapbot,https://tapps.center/games
Games,https://tapps.center/games,"DevStudio Tycoon
NEW
Build Games. Earn Rewards.
OPEN",,https://tapps.center/application/dst,https://t.me/DevTycoon_bot,https://tapps.center/games
Games,https://tapps.center/games,"PlayPuzzles
NEW
Play games, win TON prizes
OPEN",,https://tapps.center/application/playpuzzles,https://t.me/puzzlesGame_bot,https://tapps.center/games
Games,https://tapps.center/games,"Corporate Ladder
NEW
Lumberjack meets Office life.
OPEN",,https://tapps.center/application/corporateladder,https://t.me/corporateladder_bot,https://tapps.center/games
Games,https://tapps.center/games,"SharksGames
NEW
One of the best Games
OPEN",,https://tapps.center/application/sharksgames,https://t.me/SharksMiniApps_bot,https://tapps.center/games
Games,https://tapps.center/games,"TokyoCommand
NEW
TON strategy P2E mini app game
OPEN",,https://tapps.center/application/tokyocommand,https://t.me/TokyoCommand_bot,https://tapps.center/games
Games,https://tapps.center/games,"Neo-Tokyo: Protocol 2099
NEW
Pixel-cyberpunk arcade game with original music
OPE",,https://tapps.center/application/neotokyoprotocol2099,https://t.me/protocol2099_bot,https://tapps.center/games
Games,https://tapps.center/games,"Universe
NEW
Build fight earn!
OPEN",,https://tapps.center/application/universe,https://t.me/universe_mainbot,https://tapps.center/games
Games,https://tapps.center/games,"Vexo Jump
NEW
Jump, collect rewards, upgrade characters
OPEN",,https://tapps.center/application/vexojump,https://t.me/vexojumpbot,https://tapps.center/games
Games,https://tapps.center/games,"Echo State: Neon Runner
NEW
Test your reflexes in this fast-paced neon rhythm ru",,https://tapps.center/application/echostateneonrunner,https://t.me/echostate_bot,https://tapps.center/games
Games,https://tapps.center/games,"2048 Evolution
2048-style merge puzzle game
OPEN",,https://tapps.center/application/2048evolution,https://t.me/Evolution2048Bot,https://tapps.center/games
Games,https://tapps.center/games,"Bunny Broker
Cute bunny-themed game
OPEN",,https://tapps.center/application/bunnybroker,https://t.me/bunnybroker_bot,https://tapps.center/games
Games,https://tapps.center/games,"Uni Battle
Real-time multiplayer arena. Move, eat, grow, split!
OPEN",,https://tapps.center/application/unibattle,https://t.me/unibattlebot,https://tapps.center/games
Games,https://tapps.center/games,"PollX
Play quizzes and earn points
OPEN",,https://tapps.center/application/pollx,https://t.me/pollx1bot,https://tapps.center/games
Games,https://tapps.center/games,"Puff Pals
Cozy reef arcade. Play, build, earn.
OPEN",,https://tapps.center/application/puffpals,https://t.me/PuffPalsBot,https://tapps.center/games
Games,https://tapps.center/games,"Grumpys Pub Games
Grumpy's Pub Games
OPEN",,https://tapps.center/application/grumpyspubgames,https://t.me/PubGamesBot,https://tapps.center/games
Games,https://tapps.center/games,"Idle Castle Defender
Defend your castle and Earn TON
OPEN",,https://tapps.center/application/idlecastledefender,https://t.me/playcastledefender_bot,https://tapps.center/games
Games,https://tapps.center/games,"Neukgu Run
Help Neukgu the wolfdog escape
OPEN",,https://tapps.center/application/neukgurun,https://t.me/Wolfdogrunbot,https://tapps.center/games
Games,https://tapps.center/games,"Monster Tap Arena
OPEN",,https://tapps.center/application/monstertaparena,https://t.me/MonsterTapArenaBot,https://tapps.center/games
Games,https://tapps.center/games,"RAZEX
Neon geometric arcade survival
OPEN",,https://tapps.center/application/razex,https://t.me/RAZEXGameBot,https://tapps.center/games
Games,https://tapps.center/games,"Nexus Dash
Dig, collect, escape, and earn.
OPEN",,https://tapps.center/application/nexusdash,https://t.me/NexusDashGameBot,https://tapps.center/games
Games,https://tapps.center/games,"Nexus Arena
A new dimension of real-time PvP Battles.
OPEN",,https://tapps.center/application/nexusarena,https://t.me/NexusArenaGameBot,https://tapps.center/games
Games,https://tapps.center/games,"Nexus Range
Telegram-native shooting range.
OPEN",,https://tapps.center/application/nexusrange,https://t.me/NexusRangeBot,https://tapps.center/games
Games,https://tapps.center/games,"Towerly
Drop blocks. Earn real TON.
OPEN",,https://tapps.center/application/towerly,https://t.me/TowerlyBot,https://tapps.center/games
Games,https://tapps.center/games,"BACKGAMMON.INK
Long BACKGAMMON with weekly TON prizes
OPEN",,https://tapps.center/application/backgammonink,https://t.me/backgammon_world_bot,https://tapps.center/games
Games,https://tapps.center/games,"MAFIOS
Classic Mafia on Telegram
OPEN",,https://tapps.center/application/mafios,https://t.me/mafiosgobot,https://tapps.center/games
Games,https://tapps.center/games,"StreetBoss
Build your street empire with TON
OPEN",,https://tapps.center/application/streetboss,https://t.me/StreetFinalBossBot,https://tapps.center/games
Games,https://tapps.center/games,"Feed & Flap
Earn TON playing chill game
OPEN",,https://tapps.center/application/feedandflap,https://t.me/feedandflap_bot,https://tapps.center/games
Games,https://tapps.center/games,"Balda
Place letters, build words, beat your friends
OPEN",,https://tapps.center/application/balda,https://t.me/BaldaAppBot,https://tapps.center/games
Games,https://tapps.center/games,"TonCheckers
Competitive checkers with TON rewards
OPEN",,https://tapps.center/application/toncheckers,https://t.me/Toncheckers_bot,https://tapps.center/games
Games,https://tapps.center/games,"Ronin Rise
The ultimate TON blockchain warrior game
OPEN",,https://tapps.center/application/roninrise,https://t.me/RoninRiseTONbot,https://tapps.center/games
Games,https://tapps.center/games,"Arcana: LAND
Strategy farming game
OPEN",,https://tapps.center/application/arcanaland,https://t.me/land_arcana_bot,https://tapps.center/games
Games,https://tapps.center/games,"TapRushPlay
PVP battles for TON
OPEN",,https://tapps.center/application/taprushplay,https://t.me/TapRushPlay_bot,https://tapps.center/games
Games,https://tapps.center/games,"Sudoly Sudoku
Classic Sudoku with daily challenges
OPEN",,https://tapps.center/application/sudolysudoku,https://t.me/sudoly_bot,https://tapps.center/games
Games,https://tapps.center/games,"Magik Games
Play For Free Earn For Real!
OPEN",,https://tapps.center/application/magikgames,https://t.me/MagikGamesBot,https://tapps.center/games
Games,https://tapps.center/games,"Quizomino
Trivia quiz battles in 10 languages
OPEN",,https://tapps.center/application/quizomino,https://t.me/QuizominoBot,https://tapps.center/games
Games,https://tapps.center/games,"Private Art: Collections
Become an art collector!
OPEN",,https://tapps.center/application/privateartcollections,https://t.me/privateart_bot,https://tapps.center/games
Games,https://tapps.center/games,"OneMoveGame
Climb leaderboard, Earn Ton
OPEN",,https://tapps.center/application/onemovegame,https://t.me/onemovegamebot,https://tapps.center/games
Games,https://tapps.center/games,"Let's Defense Kunk
One wrong card… and it’s game over.
OPEN",,https://tapps.center/application/letsdefensekunk,https://t.me/kingcup_red_bot,https://tapps.center/games
Games,https://tapps.center/games,"Starivo
Play games and earn Telegram Gifts
OPEN",,https://tapps.center/application/starivo,https://t.me/StarivoBot,https://tapps.center/games
Games,https://tapps.center/games,"GRAND BANG
Space Agency Simulator
OPEN",,https://tapps.center/application/grandbang,https://t.me/GrandBangBot,https://tapps.center/games
Games,https://tapps.center/games,"Crownville
Build kingdoms, raid rivals, win the crown
OPEN",,https://tapps.center/application/crownville,https://t.me/Crownvillebot,https://tapps.center/games
Games,https://tapps.center/games,"Tanki Online
Build your tank, fight in PvP battles, and level up
OPEN",,https://tapps.center/application/tankionline,https://t.me/tankionlinepvp_bot,https://tapps.center/games
Games,https://tapps.center/games,"BattleWord
Guess the word faster than your friend!
OPEN",,https://tapps.center/application/battleword,https://t.me/battleword_bot,https://tapps.center/games
Games,https://tapps.center/games,"Glitched Arena
Hardcore cyberpunk shooter and boss rush
OPEN",,https://tapps.center/application/glitchedarena,https://t.me/GlitchedArenaBot,https://tapps.center/games
Games,https://tapps.center/games,"AxolotlGame
Play minigame to earn!
OPEN",,https://tapps.center/application/axolotlgame,https://t.me/AxolotlGBot,https://tapps.center/games
Games,https://tapps.center/games,"DOGEN FARM
Merge Dogens, Earn & Rise to Gold
OPEN",,https://tapps.center/application/dogenfarm,https://t.me/DogenFarm_bot,https://tapps.center/games
Games,https://tapps.center/games,"Onet Classic
Fast paced tile matching puzzle
OPEN",,https://tapps.center/application/onetclassic,https://t.me/OnetClassicBot,https://tapps.center/games
Games,https://tapps.center/games,"Fishing Fish
Catch rare fish and upgrade gear
OPEN",,https://tapps.center/application/fishingfish,https://t.me/FishingFishMax_Bot,https://tapps.center/games
Games,https://tapps.center/games,"Gummy Match Puzzle
Classic gem matching puzzle game
OPEN",,https://tapps.center/application/gummymatchpuzzle,https://t.me/MujGemCrush_bot,https://tapps.center/games
Games,https://tapps.center/games,"Gridlock
Brain-teasing grid logic puzzle
OPEN",,https://tapps.center/application/gridlock,https://t.me/GridlockGameBot,https://tapps.center/games
Games,https://tapps.center/games,"PlayTRAiL
Gamified ownership simulation
OPEN",,https://tapps.center/application/playtrail,https://t.me/TRAIL_waitlistbot,https://tapps.center/games
Games,https://tapps.center/games,"The Last Grower
Post-apocalyptic pixel-art game
OPEN",,https://tapps.center/application/thelastgrower,https://t.me/TheLastGrowerBot,https://tapps.center/games
Games,https://tapps.center/games,"KeyBountyBlitz
Hunt for Lost Bitcoin Keys
OPEN",,https://tapps.center/application/keybountyblitz,https://t.me/KeyBountyBlitzBot,https://tapps.center/games
Games,https://tapps.center/games,"Hunter
Swing, climb and survive the vertical arcade
OPEN",,https://tapps.center/application/hunter,https://t.me/thehook_bot,https://tapps.center/games
Games,https://tapps.center/games,"Gifts Factory
A digital gift factory for a billion Telegram users
OPEN",,https://tapps.center/application/giftsfactory,https://t.me/gifts_factory_bot,https://tapps.center/games
Games,https://tapps.center/games,"SnakeMoney
Snake that brings money
OPEN",,https://tapps.center/application/snakemoney,https://t.me/SnakeMoneyGameBot,https://tapps.center/games
Games,https://tapps.center/games,"ECONIC
Merge buildings and earn crypto
OPEN",,https://tapps.center/application/econic,https://t.me/econiccitybot,https://tapps.center/games
Games,https://tapps.center/games,"TankwarTg
Welcome to TankWarTG
OPEN",,https://tapps.center/application/tankwartg,https://t.me/TankwarTg_bot,https://tapps.center/games
Games,https://tapps.center/games,"Crossword Puzzle
Unscramble letters, solve anagrams, and compete with players gl",,https://tapps.center/application/crosswordpuzzle,https://t.me/crosswordofficialbot,https://tapps.center/games
Games,https://tapps.center/games,"Top Rocket Express
Build rockets, earn rewards!
OPEN",,https://tapps.center/application/toprocketexpress,https://t.me/toprocketbot,https://tapps.center/games
Games,https://tapps.center/games,"MafiaGram
Test your intuition now
OPEN",,https://tapps.center/application/mafiagram,https://t.me/mafiagram_bot,https://tapps.center/games
Games,https://tapps.center/games,"HexDrop
Merge hexagons, climb the leaderboard, earn HEXoin
OPEN",,https://tapps.center/application/hexdrop,https://t.me/hexdropbot/,https://tapps.center/games
Games,https://tapps.center/games,"Nitro Drag Royale
The fastest PvP crash tournament
OPEN",,https://tapps.center/application/nitrodragroyale,https://t.me/NitroDragRoyaleBot,https://tapps.center/games
Games,https://tapps.center/games,"Tap Champions
Fantasy RPG clicker
OPEN",,https://tapps.center/application/tapchampions,https://t.me/TapChampionsBot,https://tapps.center/games
Games,https://tapps.center/games,"Gifts Merge
Just play now!
OPEN",,https://tapps.center/application/giftsmerge,https://t.me/giftsmerge_bot,https://tapps.center/games
Games,https://tapps.center/games,"Rise of Cinder Duck
Run Shops, Gear Up, Earn Crypto
OPEN",,https://tapps.center/application/riseofcinderduck,https://t.me/RCD_Web3_bot,https://tapps.center/games
Games,https://tapps.center/games,"iTerra
Epic Viking Conquest Awaits You
OPEN",,https://tapps.center/application/iterra,https://t.me/TheiTerra_bot,https://tapps.center/games
Games,https://tapps.center/games,"Gem Quest
Match gems, conquer magical worlds
OPEN",,https://tapps.center/application/gemquest,https://t.me/gem_quest_bot,https://tapps.center/games
Games,https://tapps.center/games,"NEON PULSE COLLECTOR
Real time arcade game with TON powered upgrades
OPEN",,https://tapps.center/application/neonpulsecollector,https://t.me/neonpulsecollector_bot,https://tapps.center/games
Games,https://tapps.center/games,"ZooClash
Wild Card Battles
OPEN",,https://tapps.center/application/zooclash,https://t.me/ZooClashBot,https://tapps.center/games
Games,https://tapps.center/games,"Synaptizy
Train your brain and get TON!
OPEN",,https://tapps.center/application/synaptizy,https://t.me/Synaptizy_bot,https://tapps.center/games
Games,https://tapps.center/games,"TON Dungeon
Battle monsters, collect loot and earn rewards
OPEN",,https://tapps.center/application/tondungeon,https://t.me/tondungeon_app_bot,https://tapps.center/games
Games,https://tapps.center/games,"2048+#
It's more than 2048, so just call it 2048+#
OPEN",,https://tapps.center/application/2048plus,https://t.me/dee2048_bot,https://tapps.center/games
Games,https://tapps.center/games,"Tiger Princess
Logic puzzles. Lady or Tiger?
OPEN",,https://tapps.center/application/tigerprincess,https://t.me/tigerprincess_bot,https://tapps.center/games
Games,https://tapps.center/games,"BingoTon
Free Bingo. Win Real TON Every Week.
OPEN",,https://tapps.center/application/bingoton,https://t.me/TheBingoTON_bot,https://tapps.center/games
Games,https://tapps.center/games,"Timer
Stop the timer at exactly 10.00
OPEN",,https://tapps.center/application/timer,https://t.me/timerGame_bot,https://tapps.center/games
Games,https://tapps.center/games,"DecrypTON
TON wallet contest: intelligence, speed and precision win
OPEN",,https://tapps.center/application/decrypton,https://t.me/DecrypTON_Bot,https://tapps.center/games
Games,https://tapps.center/games,"Bawzi: Fun Multiplayer Games
Play Games with Friends
OPEN",,https://tapps.center/application/bawzi,https://t.me/BawziBot,https://tapps.center/games
Games,https://tapps.center/games,"TON Quiz
Take quizzes, level up, and unlock achievements
OPEN",,https://tapps.center/application/tonquiz,https://t.me/ton_quiz_official_bot,https://tapps.center/games
Games,https://tapps.center/games,"Bait Island
Fish, Farm and Earn TON
OPEN",,https://tapps.center/application/baitisland,https://t.me/BaitIslandBot,https://tapps.center/games
Games,https://tapps.center/games,"Fake or Fact
Fast fact-check trivia game
OPEN",,https://tapps.center/application/fakeorfact,https://t.me/fakeorfactgame_bot,https://tapps.center/games
Games,https://tapps.center/games,"Games of TON
Casino games using only Telegram Stars
OPEN",,https://tapps.center/application/gamesofton,https://t.me/provably_fair_bot,https://tapps.center/games
Games,https://tapps.center/games,"Wordmania
Fast word puzzle game
OPEN",,https://tapps.center/application/wordmania,https://t.me/wordmania_app_bot,https://tapps.center/games
Games,https://tapps.center/games,"AstroHop
Navigate asteroids and multiply your winnings
OPEN",,https://tapps.center/application/astrohop,https://t.me/Astro_Hop_Bot,https://tapps.center/games
Games,https://tapps.center/games,"ALPHA Husky
RPG App: Missions, Pets, Loot leveling
OPEN",,https://tapps.center/application/alphahusky,https://t.me/Alpha_husky_bot,https://tapps.center/games
Games,https://tapps.center/games,"Rock Scissors Paper
Earn TON playing Rock-Paper-Scissors
OPEN",,https://tapps.center/application/rockscissorspaper,https://t.me/rock_scissors_paper_ton_bot,https://tapps.center/games
Games,https://tapps.center/games,"ARX Battle
Tower Defense in Telegram!
OPEN",,https://tapps.center/application/arxbattle,https://t.me/arx_battle_bot,https://tapps.center/games
Games,https://tapps.center/games,"Hokm Online
Most famous persian card game!
OPEN",,https://tapps.center/application/hokmonline,https://t.me/HokmOnlineGameBot,https://tapps.center/games
Games,https://tapps.center/games,"Level Legends
Rogue-lite game. Kill bosses, earn Tokens, become a legend!
OPEN",,https://tapps.center/application/levellegends,https://t.me/level_legends_bot,https://tapps.center/games
Games,https://tapps.center/games,"PixelDuelGallery
Create world masterpieces of art in TON
OPEN",,https://tapps.center/application/pixelduelgallery,https://t.me/PixelDuelGallery_bot,https://tapps.center/games
Games,https://tapps.center/games,"FantasyNBA
Fantasy NBA on TON
OPEN",,https://tapps.center/application/fantasynba,https://t.me/FantasyNBALeaguesbot,https://tapps.center/games
Games,https://tapps.center/games,"Card Royal: Poker & Slots
Premium Texas Hold'em and SNG Poker
OPEN",,https://tapps.center/application/cardroyalpokerandslots,https://t.me/TMS_Card_Royal_bot,https://tapps.center/games
Games,https://tapps.center/games,"IQcoin
Earn Rewards for Intelligence
OPEN",,https://tapps.center/application/i-qcoin,https://t.me/IQcoinApp_Bot,https://tapps.center/games
Games,https://tapps.center/games,"DetectivePuzzles
Detective Puzzles - Daily Logic Games
OPEN",,https://tapps.center/application/detectivepuzzles,https://t.me/DetectivePuzzlesBot,https://tapps.center/games
Games,https://tapps.center/games,"Crybble Wars
Absorb crypto bubbles, claim rewards
OPEN",,https://tapps.center/application/crybblewars,https://t.me/crybblegame_bot,https://tapps.center/games
Games,https://tapps.center/games,"Arena: RPS Clash
RPS duels & TON rewards
OPEN",,https://tapps.center/application/arenarpsclash,https://t.me/ArenaMatchBot,https://tapps.center/games
Games,https://tapps.center/games,"The Team Test
Team Test is a cooperative game for four players.
OPEN",,https://tapps.center/application/teamtest,https://t.me/theteamtestbot,https://tapps.center/games
Games,https://tapps.center/games,"TON Raids
Real-time TON raid battles
OPEN",,https://tapps.center/application/tonraids,https://t.me/tonraidsbot,https://tapps.center/games
Games,https://tapps.center/games,"8Bit
Your Portal to the Next-Level Arcade Universe
OPEN",,https://tapps.center/application/8bit,https://t.me/arcadelabs_bot,https://tapps.center/games
Games,https://tapps.center/games,"ChatGalaTON
A universe inside Telegram
OPEN",,https://tapps.center/application/chatgalaton,https://t.me/chatgalatone_bot,https://tapps.center/games
Games,https://tapps.center/games,"MERGEON
Merge items, level up, earn rewards
OPEN",,https://tapps.center/application/mergeon,https://t.me/mergeonbot,https://tapps.center/games
Games,https://tapps.center/games,"Monogram
Play Monopoly online with friends
OPEN",,https://tapps.center/application/monogram,https://t.me/mono_gram_bot,https://tapps.center/games
Games,https://tapps.center/games,"Escape Coin
Exciting endless runner game with upgrades
OPEN",,https://tapps.center/application/escapecoin,https://t.me/escapecoinbot,https://tapps.center/games
Games,https://tapps.center/games,"Rocket Case
Telegram NFT Gifts Game
OPEN",,https://tapps.center/application/rocketcase,https://t.me/RocketCaseBot,https://tapps.center/games
Games,https://tapps.center/games,"Crypto Fisher
Catch fish and earn USDT
OPEN",,https://tapps.center/application/cryptofisher,https://t.me/CryptoFisher2026Bot,https://tapps.center/games
Games,https://tapps.center/games,"Fishing
Catch the fish, Win real cash.
OPEN",,https://tapps.center/application/fishing,https://t.me/FishingInBot,https://tapps.center/games
Games,https://tapps.center/games,"Anime arena
Anime-style RPG game
OPEN",,https://tapps.center/application/animearena,https://t.me/aa_dark_bot,https://tapps.center/games
Games,https://tapps.center/games,"FlyingFox
Competitive Skill-to-Earn Game
OPEN",,https://tapps.center/application/flyingfox,https://t.me/flyingfoxappbot,https://tapps.center/games
Games,https://tapps.center/games,"web3islands
HOUSES and other DIGITAL assets in the cozy web3islands metaverse. Q",,https://tapps.center/application/web3islands,https://t.me/web3islands_bot,https://tapps.center/games
Games,https://tapps.center/games,"Block Canvas
Classic addictive block puzzle game
OPEN",,https://tapps.center/application/blockcanvas,https://t.me/blockcanvasbot,https://tapps.center/games
Games,https://tapps.center/games,"MAFIA ONLINE
Multiplayer Social Mafia Game
OPEN",,https://tapps.center/application/mafiaonline,https://t.me/GeimingChats_bot,https://tapps.center/games
Games,https://tapps.center/games,"Orbit Wars
Dominate the cosmic void
OPEN",,https://tapps.center/application/orbitwars,https://t.me/OrbitWarsBot,https://tapps.center/games
Games,https://tapps.center/games,"QuadRoyal
Match patterns & win real TON prizes
OPEN",,https://tapps.center/application/quadroyal,https://t.me/QuadRoyalBot,https://tapps.center/games
Games,https://tapps.center/games,"SURGE
Crypto Prediction Game - Swipe for Big Rewards!
OPEN",,https://tapps.center/application/surge,https://t.me/wesurgenowbot,https://tapps.center/games
Games,https://tapps.center/games,"Crypto Millionaire Quiz
Learn finance through play
OPEN",,https://tapps.center/application/cryptomillionairequiz,https://t.me/crypto_millionaire_quiz_bot,https://tapps.center/games
Games,https://tapps.center/games,"DeckForge
Free-to-play MMO roguelike card battler
OPEN",,https://tapps.center/application/deckforge,https://t.me/DeckForgeGame_bot,https://tapps.center/games
Games,https://tapps.center/games,"Block Puzzles
Logic puzzle game
OPEN",,https://tapps.center/application/blockpuzzles,https://t.me/tg_games_nik_bot,https://tapps.center/games
Games,https://tapps.center/games,"Call of Odin's Chosen
VWA game
OPEN",,https://tapps.center/application/callofodinschosen,https://t.me/COC_Web3_bot,https://tapps.center/games
Games,https://tapps.center/games,"CATBOMB
Idle Cat Army Battles Collect & Earn
OPEN",,https://tapps.center/application/catbomb,https://t.me/catbomb_bot,https://tapps.center/games
Games,https://tapps.center/games,"Gift Phase
Play solo or PVP and win gifts faster than ever!
OPEN",,https://tapps.center/application/giftphase,https://t.me/giftphasebot,https://tapps.center/games
Games,https://tapps.center/games,"Boxium
Play to win NFT gifts
OPEN",,https://tapps.center/application/boxium,https://t.me/boxiumbot,https://tapps.center/games
Games,https://tapps.center/games,"Idle Legion
Join the Mushroom Troop, defeat foes and conquer the world!
OPEN",,https://tapps.center/application/idlelegion,https://t.me/idlelegion_bot,https://tapps.center/games
Games,https://tapps.center/games,"TowerGame
PlayTowerGame wisely, earn ton
OPEN",,https://tapps.center/application/towergame,https://t.me/TGCoinTower_bot,https://tapps.center/games
Games,https://tapps.center/games,"Ezzz Skin
Win top CS2 skins
OPEN",,https://tapps.center/application/ezzzskin,https://t.me/ezzzskinbot,https://tapps.center/games
Games,https://tapps.center/games,"Kokoronoki
Merge to reveal collectible art on TON
OPEN",,https://tapps.center/application/kokoronoki,https://t.me/KokoronoKi_bot,https://tapps.center/games
Games,https://tapps.center/games,"TON For Speed
Racing game in Telegram
OPEN",,https://tapps.center/application/tonforspeed,https://t.me/tonforspeed_bot,https://tapps.center/games
Games,https://tapps.center/games,"Holos | Pokémon Mystery Packs
Pokémon Real Card Trading
OPEN",,https://tapps.center/application/holos,https://t.me/HolosTon_bot,https://tapps.center/games
Games,https://tapps.center/games,"TonLounge
Dota2 & CS pools on TON. Play with TON & TG Gifts & Stars
OPEN",,https://tapps.center/application/tonlounge,https://t.me/tonloungebot,https://tapps.center/games
Games,https://tapps.center/games,"Looty - Free Case Every Day
Looty is your chance win unique Telegram gifts!
OPEN",,https://tapps.center/application/looty,https://t.me/looty_app_bot,https://tapps.center/games
Games,https://tapps.center/games,"Qzino App
The Future of iGaming
OPEN",,https://tapps.center/application/qzinoapp,https://t.me/qzino_official_bot,https://tapps.center/games
Games,https://tapps.center/games,"Boxing Manager
Join us and create your champion
OPEN",,https://tapps.center/application/boxingmanager,https://t.me/boxing_manager_bot,https://tapps.center/games
Games,https://tapps.center/games,"Skinroll - CS2 Cases & Skins
CS2 Free Cases & Skins Battle, Upgrade, Contract
OP",,https://tapps.center/application/skinroll,https://t.me/skinroll_bot,https://tapps.center/games
Games,https://tapps.center/games,"DOTA 2 CASES
Free Dota 2 cases for tasks
OPEN",,https://tapps.center/application/dota2cases,https://t.me/dota2cases_bot,https://tapps.center/games
Games,https://tapps.center/games,"SolitaireTG
Competitive twist on a classic game!
OPEN",,https://tapps.center/application/solitairetg,https://t.me/TonSolitaireBot,https://tapps.center/games
Games,https://tapps.center/games,"7 Wonders of Words
Solve words, build wonders, explore the world!
OPEN",,https://tapps.center/application/7wondersofwords,https://t.me/seven_wow_bot,https://tapps.center/games
Games,https://tapps.center/games,"Poketon
Stickers War
OPEN",,https://tapps.center/application/poketon,https://t.me/Poketonpxp_bot,https://tapps.center/games
Games,https://tapps.center/games,"Evil Coin
Fight evil. Steal its money. A new adventure awaits.
OPEN",,https://tapps.center/application/evilcoin,https://t.me/evil_coin_bot,https://tapps.center/games
Games,https://tapps.center/games,"Memorix
Train your memory and focus
OPEN",,https://tapps.center/application/memorix,https://t.me/memorix_game_bot,https://tapps.center/games
Games,https://tapps.center/games,"GGS Chess PvP
Сhess against other players for Telegram stars
OPEN",,https://tapps.center/application/ggschesspvp,https://t.me/Ggschessbot,https://tapps.center/games
Games,https://tapps.center/games,"TiltPlay
Win rewards by playing bite-sized games
OPEN",,https://tapps.center/application/tiltplay,https://t.me/TiltPlayBot,https://tapps.center/games
Games,https://tapps.center/games,"Rusted Roulette
An exciting P2E roulette game
OPEN",,https://tapps.center/application/rustedroulette,https://t.me/Rusted_Roulette_Game_Bot,https://tapps.center/games
Games,https://tapps.center/games,"katazero
One Grid. Infinite Glory. All Yours. Road to Grandmaster.
OPEN",,https://tapps.center/application/katazero,https://t.me/katazerobot,https://tapps.center/games
Games,https://tapps.center/games,"Nomka
Competitive arcade with NMK rewards and VIP quests
OPEN",,https://tapps.center/application/nomka,https://t.me/NomkaFunbot,https://tapps.center/games
Games,https://tapps.center/games,"Ruby Rush
Play Ruby Rush, collect gems!
OPEN",,https://tapps.center/application/rubyrush,https://t.me/ruby_rush_bot,https://tapps.center/games
Games,https://tapps.center/games,"AIvanced
Walk, Learn, Battle, Evolve
OPEN",,https://tapps.center/application/aivanced,https://t.me/AivancedBot,https://tapps.center/games
Games,https://tapps.center/games,"Brainchall
Quiz Duels & Solo Quests
OPEN",,https://tapps.center/application/brainchall,https://t.me/brainchallbot,https://tapps.center/games
Games,https://tapps.center/games,"BitZoo
Build your dream zoo!
OPEN",,https://tapps.center/application/bitzoo,https://t.me/BitZooAppBot,https://tapps.center/games
Games,https://tapps.center/games,"TANKOLINI NAPIERDOLKI
Real 10-player online, memes and TON crypto battles!
OPEN",,https://tapps.center/application/tankolininapierdolki,https://t.me/firezone_bot,https://tapps.center/games
Games,https://tapps.center/games,"Tonball
Play football, have fun, and collect Stars along the way
OPEN",,https://tapps.center/application/tonball,https://t.me/tonball_game_bot,https://tapps.center/games
Games,https://tapps.center/games,"NetFishion Airdrop
Earn 30% referral + Airdrops!
OPEN",,https://tapps.center/application/netfishionairdrop,https://t.me/PreNetfishionBot,https://tapps.center/games
Games,https://tapps.center/games,"Case Place
Exclusive cases with NFTs
OPEN",,https://tapps.center/application/caseplace,https://t.me/caseplacebot,https://tapps.center/games
Games,https://tapps.center/games,"Grab Gifts
Open Gift Boxes and Win Telegram Gifts
OPEN",,https://tapps.center/application/grabgifts,https://t.me/Grab_Giftsbot,https://tapps.center/games
Games,https://tapps.center/games,"Spekter Agency
Fun survivor game on TG! Earn Sparks!
OPEN",,https://tapps.center/application/spekteragency,https://t.me/spekteragency_bot,https://tapps.center/games
Games,https://tapps.center/games,"GGS Predictions
News predictions with Telegram Stars
OPEN",,https://tapps.center/application/ggspredictionswithstars,https://t.me/ggsCashBot,https://tapps.center/games
Games,https://tapps.center/games,"Cursor Strike
Top-down, semi bullet hell arcade mini game
OPEN",,https://tapps.center/application/cursorstrike,https://t.me/CursorStrike_bot,https://tapps.center/games
Games,https://tapps.center/games,"Egg Hero
blending strategy, RPG, and adventure elements
OPEN",,https://tapps.center/application/egghero,https://t.me/EggHero_bot,https://tapps.center/games
Games,https://tapps.center/games,"DoodiRanch
Chill and relaxing game
OPEN",,https://tapps.center/application/doodiranch,https://t.me/DoodiRanchBot,https://tapps.center/games
Games,https://tapps.center/games,"TeleMafia
Rise Up. Build Your Family. Earn Respect.
OPEN",,https://tapps.center/application/telemafia,https://t.me/TelemafiaGameBot,https://tapps.center/games
Games,https://tapps.center/games,"Block Puzzle Game
Stack fast, duel faster—win USDT in 1v1. Claim the crown!
OPEN",,https://tapps.center/application/blockpuzzlegame,https://t.me/BlockPuzzleGaming_bot,https://tapps.center/games
Games,https://tapps.center/games,"Mutant Gifts
A game with integrated AI and telegram gifts
OPEN",,https://tapps.center/application/mutantgifts,https://t.me/mutant_gifts_bot,https://tapps.center/games
Games,https://tapps.center/games,"Rakurai
Create, sell, and rent out NFT anime characters
OPEN",,https://tapps.center/application/rakurai,https://t.me/rakurai_bot,https://tapps.center/games
Games,https://tapps.center/games,"Balls
ASMR game with falling balls
OPEN",,https://tapps.center/application/balls,https://t.me/myballs,https://tapps.center/games
Games,https://tapps.center/games,"Dolphia
Fun daily football challenge
OPEN",,https://tapps.center/application/dolphia,https://t.me/DolphiaBot,https://tapps.center/games
Games,https://tapps.center/games,"DIstrict Clash // PunkCity
Tactical PvP auto-chess set in a cyberpunk world
OPEN",,https://tapps.center/application/districtclash,https://t.me/districtclash_bot,https://tapps.center/games
Games,https://tapps.center/games,"Other Worlds TON
Play-To-Earn Metaverse on TON
OPEN",,https://tapps.center/application/otherworldston,https://t.me/OtherWorldsTONbot,https://tapps.center/games
Games,https://tapps.center/games,"Rolls
Get 20%+ APR for your Telegram Gifts!
OPEN",,https://tapps.center/application/rolls,https://t.me/rollsgame_bot,https://tapps.center/games
Games,https://tapps.center/games,"GemJam
Play GemJam wisely, earn ton
OPEN",,https://tapps.center/application/gemjam,https://t.me/GemJam_bot,https://tapps.center/games
Games,https://tapps.center/games,"CoinsRun
Crypto Runner — Run Fast, Earn Crypto
OPEN",,https://tapps.center/application/coinsrun,https://t.me/CoinsRunBot,https://tapps.center/games
Games,https://tapps.center/games,"CS2 Cases & Skins: SHOT
CS2 Free Skins & Cases & Upgrades & Contracts
OPEN",,https://tapps.center/application/shot,https://t.me/cs_shot_bot,https://tapps.center/games
Games,https://tapps.center/games,"QuizBunny
Test your smarts!
OPEN",,https://tapps.center/application/quizbunny,https://t.me/NotQuizWhizBot,https://tapps.center/games
Games,https://tapps.center/games,"Hopscotch with Hands
Boost your brain
OPEN",,https://tapps.center/application/hopscotchwithhands,https://t.me/BrainHopscotch_bot,https://tapps.center/games
Games,https://tapps.center/games,"SKIN FORGE: CS2 Cases & Skins
Earn free CS2 cases for tasks
OPEN",,https://tapps.center/application/skinforge,https://t.me/skinforge_bot,https://tapps.center/games
Games,https://tapps.center/games,"PWR Skinbox
CS2 Cases. Get free cases by completing tasks
OPEN",,https://tapps.center/application/pwrskinbox,https://t.me/pwr_skinbox_bot,https://tapps.center/games
Games,https://tapps.center/games,"Math Master
Sharpen Your Mind with Numbers!
OPEN",,https://tapps.center/application/mathmaster,https://t.me/Math_Master_Game_Bot,https://tapps.center/games
Games,https://tapps.center/games,"Rune Online
Upgrade your character, tap mobs, craft unique items
OPEN",,https://tapps.center/application/runeonline,https://t.me/RuneOnlineBot,https://tapps.center/games
Games,https://tapps.center/games,"Grab-a-Word
Tactical Word-Fighting
OPEN",,https://tapps.center/application/grabaword,https://t.me/grabawordBot,https://tapps.center/games
Games,https://tapps.center/games,"IMPGameFi
Immersive Web3 GameFi: Fair/Fun Play, Gambling, Airdrops, Live Predict",,https://tapps.center/application/impgamefi,https://t.me/IMPGameFiBot,https://tapps.center/games
Games,https://tapps.center/games,"EvoBot
Merge & Conquer
OPEN",,https://tapps.center/application/evobot,https://t.me/TheEvoBot,https://tapps.center/games
Games,https://tapps.center/games,"MOO.F.O.
SAVE THE COWS from milking and bring them home to Mootopia
OPEN",,https://tapps.center/application/moofo,https://t.me/moofo_bot,https://tapps.center/games
Games,https://tapps.center/games,"Squid fighter
Squid Fighter Multiplayer battles. $10000 prize
OPEN",,https://tapps.center/application/squidfighter,https://t.me/squidfighter_bot,https://tapps.center/games
Games,https://tapps.center/games,"Sudoku Puzzle
New challenges every day to keep your mind sharp.
OPEN",,https://tapps.center/application/sudokupuzzle,https://t.me/SudokuPuzzleBot,https://tapps.center/games
Games,https://tapps.center/games,"Venus World Survival
Play, Build & Conquer!
OPEN",,https://tapps.center/application/venusworldsurvival,https://t.me/venuswsbot,https://tapps.center/games
Games,https://tapps.center/games,"Ton Football Manager
Master tactics, reach top, earn TON!
OPEN",,https://tapps.center/application/tonfootballmanager,https://t.me/tonfootballmanager_bot,https://tapps.center/games
Games,https://tapps.center/games,"Swipe Quest Pixel
Tap-to-Earn have past, it's time for real game | Earn $SQP
OPE",,https://tapps.center/application/swipequestpixel,https://t.me/swipe_quest_bot,https://tapps.center/games
Games,https://tapps.center/games,"ScrewIt
Play Screwit wisely, earn ton
OPEN",,https://tapps.center/application/screwit,https://t.me/screw_it_bot,https://tapps.center/games
Games,https://tapps.center/games,"N9XO
Next-Level Tic-Tac-Toe
OPEN",,https://tapps.center/application/n9xo,https://t.me/N9XOBOT,https://tapps.center/games
Games,https://tapps.center/games,"Gear Runner
Strides of Revival
OPEN",,https://tapps.center/application/gearrunner,https://t.me/gearrunner_bot,https://tapps.center/games
Games,https://tapps.center/games,"Blanche Match3
Amazing Match3 with farming
OPEN",,https://tapps.center/application/blanchematch3,https://t.me/blanche_tma_bot,https://tapps.center/games
Social&Lifestyle,https://tapps.center/socialandlifestyle,"Battles
Editors' Choice
Epic Battles on your favourite topics inside Telegram.
O",,https://tapps.center/application/fanzeebattlesbot,https://t.me/battlescryptobot,https://tapps.center/socialandlifestyle
Social&Lifestyle,https://tapps.center/socialandlifestyle,"TON Dating
High-quality connections in Telegram. Join the community of ambitious",,https://tapps.center/application/tondating,https://t.me/tondating,https://tapps.center/socialandlifestyle
Social&Lifestyle,https://tapps.center/socialandlifestyle,"MysticOracle
NEW
Your daily Tarot guidance and oracle
OPEN",,https://tapps.center/application/mysticoracle,https://t.me/mystic_taroo_bot,https://tapps.center/socialandlifestyle
Social&Lifestyle,https://tapps.center/socialandlifestyle,"TON Vibe
Post. Earn TON & Telegram Stars Mining token Vibe.
OPEN",,https://tapps.center/application/tonvibe,https://t.me/tonvibe_bot,https://tapps.center/socialandlifestyle
Social&Lifestyle,https://tapps.center/socialandlifestyle,"Basic reality
NFT pins on the world map
OPEN",,https://tapps.center/application/basicreality,https://t.me/Basic_reality_bot,https://tapps.center/socialandlifestyle
Social&Lifestyle,https://tapps.center/socialandlifestyle,"LURA
LURA – the key ideas from the world's best books.
OPEN",,https://tapps.center/application/lura,https://t.me/lura_app_bot,https://tapps.center/socialandlifestyle
Social&Lifestyle,https://tapps.center/socialandlifestyle,"Whisper
Anonymous Chat, Share, Listen, Connect
OPEN",,https://tapps.center/application/whisper,https://t.me/WhisperRoom_bot,https://tapps.center/socialandlifestyle
Social&Lifestyle,https://tapps.center/socialandlifestyle,"Stake and Wake
Wake up. Claim the TON of those who couldn't.
OPEN",,https://tapps.center/application/stakeandwake,https://t.me/stakeandwake_bot,https://tapps.center/socialandlifestyle
Social&Lifestyle,https://tapps.center/socialandlifestyle,"NEXUS ORACLE
Telegram AI Agent App
OPEN",,https://tapps.center/application/nexusoracle,https://t.me/nxoraclebot,https://tapps.center/socialandlifestyle
Social&Lifestyle,https://tapps.center/socialandlifestyle,"PolyArena
Competitive Prediction Arena
OPEN",,https://tapps.center/application/polyarena,https://t.me/polyarenabot,https://tapps.center/socialandlifestyle
Social&Lifestyle,https://tapps.center/socialandlifestyle,"TON Map
Link-in-bio pages for Telegram
OPEN",,https://tapps.center/application/tonmappage,https://t.me/TheTonMapBot,https://tapps.center/socialandlifestyle
Social&Lifestyle,https://tapps.center/socialandlifestyle,"Velour
Dating for open-minded people
OPEN",,https://tapps.center/application/velour,https://t.me/VelourAppBot,https://tapps.center/socialandlifestyle
Social&Lifestyle,https://tapps.center/socialandlifestyle,"Xpeerly
Social DNA Protocol
OPEN",,https://tapps.center/application/xpeerly,https://t.me/xpeerly_bot,https://tapps.center/socialandlifestyle
Social&Lifestyle,https://tapps.center/socialandlifestyle,"RANDOM LIVE CHAT
Connect with random strangers instantly
OPEN",,https://tapps.center/application/randomlivechat,https://t.me/RandomLiveChatbot,https://tapps.center/socialandlifestyle
Social&Lifestyle,https://tapps.center/socialandlifestyle,"AnonyChat
Meet new people instantly through random chat
OPEN",,https://tapps.center/application/anonychat,https://t.me/AnonyChatt_Bot,https://tapps.center/socialandlifestyle
Social&Lifestyle,https://tapps.center/socialandlifestyle,"Artifact Dating
Dating through personality, not photos
OPEN",,https://tapps.center/application/artifactdating,https://t.me/RundomFriends_Bot,https://tapps.center/socialandlifestyle
Social&Lifestyle,https://tapps.center/socialandlifestyle,"DATING IN TELEGRAM
Dating bot with video messages. Like, Match & Chat.
OPEN",,https://tapps.center/application/datingintelegram,https://t.me/DATING_IN_TELEGRAM_Bot,https://tapps.center/socialandlifestyle
Social&Lifestyle,https://tapps.center/socialandlifestyle,"Your Daily Tarot
One tarot card a day, inside Telegram
OPEN",,https://tapps.center/application/yourdailytarot,https://t.me/thisisthedailytarotbot,https://tapps.center/socialandlifestyle
Social&Lifestyle,https://tapps.center/socialandlifestyle,"TRIGGER
Anonymous social feed for Telegram
OPEN",,https://tapps.center/application/trigger,https://t.me/TRIGGERbo_bot,https://tapps.center/socialandlifestyle
Social&Lifestyle,https://tapps.center/socialandlifestyle,"AURA: Cyber Oracle
Deep psychological Tarot interpretations
OPEN",,https://tapps.center/application/auracyberoracle,https://t.me/OracleAuraBot,https://tapps.center/socialandlifestyle
Social&Lifestyle,https://tapps.center/socialandlifestyle,"Pixeltap
Pixel Art & Animation Editor
OPEN",,https://tapps.center/application/pixeltap,https://t.me/Pixeltap_app_bot,https://tapps.center/socialandlifestyle
Social&Lifestyle,https://tapps.center/socialandlifestyle,"mystra
AI Tarot & Astrology
OPEN",,https://tapps.center/application/mystra,https://t.me/mystra_app_bot,https://tapps.center/socialandlifestyle
Social&Lifestyle,https://tapps.center/socialandlifestyle,"Spicely
Questions and ideas for two
OPEN",,https://tapps.center/application/spicely,https://t.me/spicely_bot,https://tapps.center/socialandlifestyle
Social&Lifestyle,https://tapps.center/socialandlifestyle,"Thiên Cơ
Tarot, Kinh Dich & Tu Vi AI
OPEN",,https://tapps.center/application/thienco,https://t.me/thienco_bot,https://tapps.center/socialandlifestyle
Social&Lifestyle,https://tapps.center/socialandlifestyle,"Flamy
Card game that brings you closer
OPEN",,https://tapps.center/application/flamy,https://t.me/real_flamy_bot,https://tapps.center/socialandlifestyle
Social&Lifestyle,https://tapps.center/socialandlifestyle,"Menhausen
Anonymous self-help for men
OPEN",,https://tapps.center/application/menhausen,https://t.me/menhausen_app_bot,https://tapps.center/socialandlifestyle
Social&Lifestyle,https://tapps.center/socialandlifestyle,"AstroScan
Systemic personality and neural analysis
OPEN",,https://tapps.center/application/astroscan,https://t.me/astroscan_bot,https://tapps.center/socialandlifestyle
Social&Lifestyle,https://tapps.center/socialandlifestyle,"TaroBar
Tarot readings and collectible decks
OPEN",,https://tapps.center/application/tarobar,https://t.me/tarobar_bot,https://tapps.center/socialandlifestyle
Social&Lifestyle,https://tapps.center/socialandlifestyle,"AuraMatrix
Deep psychological personality test!
OPEN",,https://tapps.center/application/auramatrix,https://t.me/AuraMatrixAIbot,https://tapps.center/socialandlifestyle
Social&Lifestyle,https://tapps.center/socialandlifestyle,"Opni: The Social Network
Decentralized social graph on TON
OPEN",,https://tapps.center/application/opni,https://t.me/opni_bot,https://tapps.center/socialandlifestyle
Social&Lifestyle,https://tapps.center/socialandlifestyle,"Seer
Fortune Readings for Fun
OPEN",,https://tapps.center/application/seer,https://t.me/coffeeseerbot,https://tapps.center/socialandlifestyle
Social&Lifestyle,https://tapps.center/socialandlifestyle,"archtown.org
Dive into the world of innovation
OPEN",,https://tapps.center/application/archtownorg,https://t.me/archtownbot,https://tapps.center/socialandlifestyle
Social&Lifestyle,https://tapps.center/socialandlifestyle,"LoveBank
Relationship tracker for couples
OPEN",,https://tapps.center/application/lovebank,https://t.me/lovabankbot,https://tapps.center/socialandlifestyle
Social&Lifestyle,https://tapps.center/socialandlifestyle,"Collage
AI photo looks in one tap
OPEN",,https://tapps.center/application/collage,https://t.me/collage,https://tapps.center/socialandlifestyle
Social&Lifestyle,https://tapps.center/socialandlifestyle,"myOracle: Astrology & Tarot
Astrology, Tarot & Shadow Work
OPEN",,https://tapps.center/application/myoracle,https://t.me/myOracleclub_bot,https://tapps.center/socialandlifestyle
Social&Lifestyle,https://tapps.center/socialandlifestyle,"RunX
Route generator for running
OPEN",,https://tapps.center/application/runx,https://t.me/runxapp_bot,https://tapps.center/socialandlifestyle
Social&Lifestyle,https://tapps.center/socialandlifestyle,"Otter | Find Friends & Love
Safe anonymous chat
OPEN",,https://tapps.center/application/otter,https://t.me/Otterchatbot,https://tapps.center/socialandlifestyle
Social&Lifestyle,https://tapps.center/socialandlifestyle,"BlipMatch!
Gamified social platform
OPEN",,https://tapps.center/application/blipmatch,https://t.me/Blipmatchbot,https://tapps.center/socialandlifestyle
Social&Lifestyle,https://tapps.center/socialandlifestyle,"GENZA
A next-gen gamified dating app
OPEN",,https://tapps.center/application/genza,https://t.me/genza_vibing_bot,https://tapps.center/socialandlifestyle
Social&Lifestyle,https://tapps.center/socialandlifestyle,"Affinia
Digital tools for mutual consent
OPEN",,https://tapps.center/application/affinia,https://t.me/AffiniaBot,https://tapps.center/socialandlifestyle
Social&Lifestyle,https://tapps.center/socialandlifestyle,"Coach AI
Generate personalized workout plans
OPEN",,https://tapps.center/application/coachai,https://t.me/coach_ai_training_bot,https://tapps.center/socialandlifestyle
Social&Lifestyle,https://tapps.center/socialandlifestyle,"3VOgram
Social meets rewards on Telegram
OPEN",,https://tapps.center/application/3vogram,https://t.me/Official_3VOgram_bot,https://tapps.center/socialandlifestyle
Social&Lifestyle,https://tapps.center/socialandlifestyle,"TON Academy
Explore courses about the TON Ecosystem
OPEN",,https://tapps.center/application/tonacademy,https://t.me/tonacad_bot,https://tapps.center/socialandlifestyle
Social&Lifestyle,https://tapps.center/socialandlifestyle,"Spiritual Hub
Tarot, breathing, astrology, unlock life’s path
OPEN",,https://tapps.center/application/spiritualhub,https://t.me/SpiritualHubBot,https://tapps.center/socialandlifestyle
Social&Lifestyle,https://tapps.center/socialandlifestyle,"Nekomori AI Anime Chat
AI chat with anime characters
OPEN",,https://tapps.center/application/nekomoriaianimechat,https://t.me/nekomori_bot,https://tapps.center/socialandlifestyle
Social&Lifestyle,https://tapps.center/socialandlifestyle,"Arcana.AI
Your personal AI-powered tarot reader
OPEN",,https://tapps.center/application/arcanaai,https://t.me/fortune_teller_bot,https://tapps.center/socialandlifestyle
Social&Lifestyle,https://tapps.center/socialandlifestyle,"DAZN
The official DAZN Mini App
OPEN",,https://tapps.center/application/dazn,https://t.me/daznofficial_bot,https://tapps.center/socialandlifestyle
Social&Lifestyle,https://tapps.center/socialandlifestyle,"Macro Minder
Your personal nutritionist in TG!
OPEN",,https://tapps.center/application/macrominder,https://t.me/macrominderbot,https://tapps.center/socialandlifestyle
Social&Lifestyle,https://tapps.center/socialandlifestyle,"Mystic Tarot AI
Let the Tarot guide your heart, choices, and destiny.
OPEN",,https://tapps.center/application/mystictarotai,https://t.me/MysticTarotAIBot,https://tapps.center/socialandlifestyle
Social&Lifestyle,https://tapps.center/socialandlifestyle,"BoltFather
Private chat access via tokens
OPEN",,https://tapps.center/application/boltfather,https://t.me/huilitybot,https://tapps.center/socialandlifestyle
Social&Lifestyle,https://tapps.center/socialandlifestyle,"BTCSugarDating
Where wealth meets exclusivity in the Web3 era
OPEN",,https://tapps.center/application/btcsugardating,https://t.me/BTCSugarDating_bot,https://tapps.center/socialandlifestyle
Social&Lifestyle,https://tapps.center/socialandlifestyle,"iSpeech Helper
Your assistant for improving speech and diction
OPEN",,https://tapps.center/application/ispeechhelper,https://t.me/iSpeechHelper_bot,https://tapps.center/socialandlifestyle
Social&Lifestyle,https://tapps.center/socialandlifestyle,"Colorly
AI-powered custom coloring pages
OPEN",,https://tapps.center/application/colorly,https://t.me/ColorlyBot,https://tapps.center/socialandlifestyle
Social&Lifestyle,https://tapps.center/socialandlifestyle,"Spoty
Train smarter with Spoty – anytime, anywhere
OPEN",,https://tapps.center/application/spoty,https://t.me/spoty_app_bot,https://tapps.center/socialandlifestyle
Social&Lifestyle,https://tapps.center/socialandlifestyle,"MeditateNow
Meditation timer with guided sessions
OPEN",,https://tapps.center/application/meditatenow,https://t.me/MeditateNow_bot,https://tapps.center/socialandlifestyle
Social&Lifestyle,https://tapps.center/socialandlifestyle,"My Crypto Hold
Save time tracking income from your crypto trades
OPEN",,https://tapps.center/application/mycryptohold,https://t.me/MyCryptoHold_bot,https://tapps.center/socialandlifestyle
Social&Lifestyle,https://tapps.center/socialandlifestyle,"FlyEat AI
Receive 10 bonus recognitions!
OPEN",,https://tapps.center/application/flyeatai,https://t.me/flyeatbot,https://tapps.center/socialandlifestyle
Social&Lifestyle,https://tapps.center/socialandlifestyle,"INFINITY
Share anything. Be seen.
OPEN",,https://tapps.center/application/infinity,https://t.me/infinity_bid_bot,https://tapps.center/socialandlifestyle
Social&Lifestyle,https://tapps.center/socialandlifestyle,"Magic card ticket
Scratch and discover your future
OPEN",,https://tapps.center/application/magiccardticket,https://t.me/magicticket_bot,https://tapps.center/socialandlifestyle
Social&Lifestyle,https://tapps.center/socialandlifestyle,"Serious dating Sitelove
Dating for long-term relationship and starting a family
",,https://tapps.center/application/seriousdatingsitelove,https://t.me/Sitelove_bot,https://tapps.center/socialandlifestyle
Social&Lifestyle,https://tapps.center/socialandlifestyle,"CryptoInfluencer
Your simple app for trading cryptocurrency with experts
OPEN",,https://tapps.center/application/cryptoinfluencer,https://t.me/CryptoInfluencerAppBot,https://tapps.center/socialandlifestyle
Social&Lifestyle,https://tapps.center/socialandlifestyle,"Fitton
Gamify your daily fitness!
OPEN",,https://tapps.center/application/fitton,https://t.me/fittonapp_bot,https://tapps.center/socialandlifestyle
Social&Lifestyle,https://tapps.center/socialandlifestyle,"ASTRO
Know yourself and the future with the help of ASTRO
OPEN",,https://tapps.center/application/astro,https://t.me/astro_ton_bot,https://tapps.center/socialandlifestyle
Social&Lifestyle,https://tapps.center/socialandlifestyle,"AN Chat
Where anonymous conversations begin
OPEN",,https://tapps.center/application/anchat,https://t.me/appchatan_bot,https://tapps.center/socialandlifestyle
Social&Lifestyle,https://tapps.center/socialandlifestyle,"SOUL DATING
Soul is Nearby
OPEN",,https://tapps.center/application/souldating,https://t.me/facemeet_bot,https://tapps.center/socialandlifestyle
Social&Lifestyle,https://tapps.center/socialandlifestyle,"TikLive
Next Favorite Person is One Video Call Away!
OPEN",,https://tapps.center/application/tiklive,https://t.me/TGLiveUBot,https://tapps.center/socialandlifestyle
Social&Lifestyle,https://tapps.center/socialandlifestyle,"StarBoard
Rate Channels. Earn. Repeat.
OPEN",,https://tapps.center/application/starboard,https://t.me/starsboard_bot,https://tapps.center/socialandlifestyle
Social&Lifestyle,https://tapps.center/socialandlifestyle,"Nearby People
Find soulmates nearby!
OPEN",,https://tapps.center/application/nearbypeople,https://t.me/nearby_geobot,https://tapps.center/socialandlifestyle
Social&Lifestyle,https://tapps.center/socialandlifestyle,"Quick
Your perfect digital business card, instantly
OPEN",,https://tapps.center/application/quick,https://t.me/quick_business_bot,https://tapps.center/socialandlifestyle
Social&Lifestyle,https://tapps.center/socialandlifestyle,"Tarot Go
Discover your fate with instant AI-powered Tarot readings
OPEN",,https://tapps.center/application/tarotgo,https://t.me/TarotGoRobot,https://tapps.center/socialandlifestyle
Social&Lifestyle,https://tapps.center/socialandlifestyle,"Spark of Destiny
Find out compatibility
OPEN",,https://tapps.center/application/sparkofdestiny,https://t.me/MyCompatWebBot,https://tapps.center/socialandlifestyle
Social&Lifestyle,https://tapps.center/socialandlifestyle,"Plate AI
AI-powered calorie and nutrition tracker
OPEN",,https://tapps.center/application/plateai,https://t.me/plateai_bot,https://tapps.center/socialandlifestyle
Social&Lifestyle,https://tapps.center/socialandlifestyle,"Aura - personal predictions
Your personal spiritual assistant and journal
OPEN",,https://tapps.center/application/aurapersonalpredictions,https://t.me/aura_fortune_bot,https://tapps.center/socialandlifestyle
Social&Lifestyle,https://tapps.center/socialandlifestyle,"Horoscope 2.0
Accurate horoscopes powered by AI and NASA planetary data
OPEN",,https://tapps.center/application/horoscope20,https://t.me/horoscope20_bot,https://tapps.center/socialandlifestyle
Social&Lifestyle,https://tapps.center/socialandlifestyle,"Rexx
Referrals acquisition made easy and mutually beneficial!
OPEN",,https://tapps.center/application/rexx,https://t.me/rexxchange_bot,https://tapps.center/socialandlifestyle
Social&Lifestyle,https://tapps.center/socialandlifestyle,"Vote
Dynamic and engaging platform where your voice matters
OPEN",,https://tapps.center/application/vote,https://t.me/voteapprobot,https://tapps.center/socialandlifestyle
Social&Lifestyle,https://tapps.center/socialandlifestyle,"ClickHub
Pay per click & Earn per click
OPEN",,https://tapps.center/application/clickhub,https://t.me/clickhubbot,https://tapps.center/socialandlifestyle
Social&Lifestyle,https://tapps.center/socialandlifestyle,"GigoGram
Get roasted by AI. Based on your Telegram profile.
OPEN",,https://tapps.center/application/gigogram,https://t.me/GigoGramBot,https://tapps.center/socialandlifestyle
Social&Lifestyle,https://tapps.center/socialandlifestyle,"Swipe
Short video feed
OPEN",,https://tapps.center/application/swipe,https://t.me/appswipe_bot,https://tapps.center/socialandlifestyle
Social&Lifestyle,https://tapps.center/socialandlifestyle,"FitExchange
Create, share, and monetize custom workout plans
OPEN",,https://tapps.center/application/fitexchange,https://t.me/FitExchangeBot,https://tapps.center/socialandlifestyle
Social&Lifestyle,https://tapps.center/socialandlifestyle,"CryptoOne
Your ultimate guide to Crypto Apps
OPEN",,https://tapps.center/application/cryptoone,https://t.me/CryptoOneApp_bot,https://tapps.center/socialandlifestyle
Social&Lifestyle,https://tapps.center/socialandlifestyle,"Plaza
Explore, Check-In, Earn Tokens!
OPEN",,https://tapps.center/application/plaza,https://t.me/checkitonbot,https://tapps.center/socialandlifestyle
Social&Lifestyle,https://tapps.center/socialandlifestyle,"LinkUp People
The dating app in Telegram
OPEN",,https://tapps.center/application/linkuppeople,https://t.me/LinkUpAppBot,https://tapps.center/socialandlifestyle
Social&Lifestyle,https://tapps.center/socialandlifestyle,"Face Match
Discover new connections, chat, and find matches that fit your vibe!
",,https://tapps.center/application/facematch,https://t.me/fase_match_bot,https://tapps.center/socialandlifestyle
Social&Lifestyle,https://tapps.center/socialandlifestyle,"Accurate Tarot
Predict your destiny with the Tarot app
OPEN",,https://tapps.center/application/accuratetarot,https://t.me/accuratetarot_bot,https://tapps.center/socialandlifestyle
Social&Lifestyle,https://tapps.center/socialandlifestyle,"Move
Earn tokens simply by moving!
OPEN",,https://tapps.center/application/move,https://t.me/MoveOnTonBot,https://tapps.center/socialandlifestyle
Social&Lifestyle,https://tapps.center/socialandlifestyle,"PX Tarot
Next-Gen AI-powered Tarot Reading Experience!
OPEN",,https://tapps.center/application/pxtarot,https://t.me/pxtarot_bot,https://tapps.center/socialandlifestyle
Social&Lifestyle,https://tapps.center/socialandlifestyle,"GVWS
GVWS — the platform that simplifies on-chain giveaways!
OPEN",,https://tapps.center/application/gvws,https://t.me/gvws_bot,https://tapps.center/socialandlifestyle
Social&Lifestyle,https://tapps.center/socialandlifestyle,"Echo
Exchange anonymous questions
OPEN",,https://tapps.center/application/echo,https://t.me/sprosi9_bot,https://tapps.center/socialandlifestyle
Social&Lifestyle,https://tapps.center/socialandlifestyle,"AURA Tap
Your fortune telling assistant
OPEN",,https://tapps.center/application/auratap,https://t.me/auratap_bot,https://tapps.center/socialandlifestyle
Social&Lifestyle,https://tapps.center/socialandlifestyle,"Grand Galore Tarot
No predictions, just straightforward guidance!
OPEN",,https://tapps.center/application/grandgaloretarot,https://t.me/GrandGaloreTarotBot,https://tapps.center/socialandlifestyle
Social&Lifestyle,https://tapps.center/socialandlifestyle,"Stories Viewer
View Instagram stories anonymously
OPEN",,https://tapps.center/application/storiesviewer,https://t.me/anon_stories_viewer_bot,https://tapps.center/socialandlifestyle
Social&Lifestyle,https://tapps.center/socialandlifestyle,"Popcorn Bro
Recommendations on movies and shows
OPEN",,https://tapps.center/application/popcornbro,https://t.me/PopcornBroBot,https://tapps.center/socialandlifestyle
Social&Lifestyle,https://tapps.center/socialandlifestyle,"StepMania
Step forward, get inspired and earn coins
OPEN",,https://tapps.center/application/stepmania,https://t.me/step_mania_bot,https://tapps.center/socialandlifestyle
Social&Lifestyle,https://tapps.center/socialandlifestyle,"PHOTON
Social app to express yourself, discover your friends, and bring your dre",,https://tapps.center/application/photon,https://t.me/ThePhoton_Bot,https://tapps.center/socialandlifestyle
Social&Lifestyle,https://tapps.center/socialandlifestyle,"Pollo
Use opinions to connect!
OPEN",,https://tapps.center/application/pollo,https://t.me/pollovotebot,https://tapps.center/socialandlifestyle
Social&Lifestyle,https://tapps.center/socialandlifestyle,"Tassbeeh
Tassbeeh transforms the way Muslims and people of other faiths can enga",,https://tapps.center/application/tassbeeh,https://t.me/tassbeehbot,https://tapps.center/socialandlifestyle
Social&Lifestyle,https://tapps.center/socialandlifestyle,"TON Stars
Unleash Your Star Potential with TON Stars!
OPEN",,https://tapps.center/application/tonstars,https://t.me/ton_stars_app_bot,https://tapps.center/socialandlifestyle
Social&Lifestyle,https://tapps.center/socialandlifestyle,"Not Pixel
Paint pixels and get PX
OPEN",,https://tapps.center/application/notpixel,https://t.me/notpixel,https://tapps.center/socialandlifestyle
Social&Lifestyle,https://tapps.center/socialandlifestyle,"Coub
Welcome to Coub, the video platform that pays you!
OPEN",,https://tapps.center/application/coub,https://t.me/coub,https://tapps.center/socialandlifestyle
Social&Lifestyle,https://tapps.center/socialandlifestyle,"Frenz chat
Meet new friends, all on Telegram
OPEN",,https://tapps.center/application/frenzchat,https://t.me/FrenzChatBot,https://tapps.center/socialandlifestyle
Social&Lifestyle,https://tapps.center/socialandlifestyle,"Dating App
Dating, Chat in Telegram & Meet.
OPEN",,https://tapps.center/application/datingapp,https://t.me/datingapp,https://tapps.center/socialandlifestyle
Social&Lifestyle,https://tapps.center/socialandlifestyle,"ROoLZ
ROoLZ ecosystem Bot: Collect Points for GODL by; Doing Tasks, Staking ROoL",,https://tapps.center/application/roolzquestbot,https://t.me/ROoLZQuest_bot,https://tapps.center/socialandlifestyle
Social&Lifestyle,https://tapps.center/socialandlifestyle,"Ton Raffles
Participate in the best NFT sweepstakes on the TON blockchain.
OPEN",,https://tapps.center/application/tonraffles,https://t.me/tonraffle_bot,https://tapps.center/socialandlifestyle
Social&Lifestyle,https://tapps.center/socialandlifestyle,"Spin the Bottle
This game will help you meet new people, make friends and even f",,https://tapps.center/application/spinthebottle,https://t.me/spinthe_bot,https://tapps.center/socialandlifestyle
Payments,https://tapps.center/payments,"TonMobile eSIM
Editors' Choice
Buy eSim for any country with credit card or TON.",,https://tapps.center/application/mobile,https://t.me/Mobile,https://tapps.center/payments
Payments,https://tapps.center/payments,"Tokenstore
Gift cards, games, top-ups, and eSIMs
OPEN",,https://tapps.center/application/tokenstore,https://t.me/tokenstoreiobot,https://tapps.center/payments
Payments,https://tapps.center/payments,"goAFK eSIM
eSIMs for seamless global travel
OPEN",,https://tapps.center/application/goafkesim,https://t.me/goafk_bot,https://tapps.center/payments
Payments,https://tapps.center/payments,"HyperFun
Trade Bitcoin with up to 1000x leverage in 60 seconds!
OPEN",,https://tapps.center/application/hyperfun,https://t.me/Hyperfn_bot,https://tapps.center/payments
Payments,https://tapps.center/payments,"MyStars.tg
Telegram Premium and Stars in crypto
OPEN",,https://tapps.center/application/mystarstg,https://t.me/my_stars_tg_bot,https://tapps.center/payments
Payments,https://tapps.center/payments,"MeeNee Vix
Race on crypto volatility
OPEN",,https://tapps.center/application/meeneevix,https://t.me/MeeNeeAppBot,https://tapps.center/payments
Payments,https://tapps.center/payments,"BuyCard
Gift cards, eSIM and mobile top-up with TON
OPEN",,https://tapps.center/application/buycard,https://t.me/BuyCardOffical_bot,https://tapps.center/payments
Payments,https://tapps.center/payments,"NuroSIM
Your travel eSIM in Telegram
OPEN",,https://tapps.center/application/nurosim,https://t.me/nurosim_bot,https://tapps.center/payments
Payments,https://tapps.center/payments,"Winion
Social prediction market in USDT
OPEN",,https://tapps.center/application/winion,https://t.me/WinionGameBot,https://tapps.center/payments
Payments,https://tapps.center/payments,"Backit
Get cashback from online stores and services
OPEN",,https://tapps.center/application/backit,https://t.me/BackitBot,https://tapps.center/payments
Payments,https://tapps.center/payments,"Squad Signal
Predict trends, compete in squads
OPEN",,https://tapps.center/application/squadsignal,https://t.me/squad_signal_bot,https://tapps.center/payments
Payments,https://tapps.center/payments,"Football Score
Stay connected to football like never before
OPEN",,https://tapps.center/application/footballscore,https://t.me/Footballscoreupdaterbot,https://tapps.center/payments
Payments,https://tapps.center/payments,"PayWave
Fast way to swap fiat to crypto
OPEN",,https://tapps.center/application/paywave,https://t.me/pw_origin_bot,https://tapps.center/payments
Payments,https://tapps.center/payments,"eSIM NOW!
Get an eSIM instantly - right on Telegram!
OPEN",,https://tapps.center/application/esimnow,https://t.me/esimnow_bot,https://tapps.center/payments
Payments,https://tapps.center/payments,"Satoshi Tango
Buy & sell USDT with ARS
OPEN",,https://tapps.center/application/satoshitango,https://t.me/satoshitangobot,https://tapps.center/payments
Payments,https://tapps.center/payments,"Lucky Bundle Shop
Your Ultimate CD Key Shop! Digital keys, instant delivery!
OPE",,https://tapps.center/application/luckybundleshop,https://t.me/luckybundleshop_bot,https://tapps.center/payments
Payments,https://tapps.center/payments,"X-Market (World Cup Mining)
Cheer World Cup 2026
OPEN",,https://tapps.center/application/xmarket,https://t.me/XMarketOfficial_bot,https://tapps.center/payments
Payments,https://tapps.center/payments,"Toncast
Telegram Gift Price Prediction Market
OPEN",,https://tapps.center/application/toncast,https://t.me/TONCastRobot,https://tapps.center/payments
Payments,https://tapps.center/payments,"TON PvP Game
Fast BTC Prediction Duels
OPEN",,https://tapps.center/application/tonpvpgame,https://t.me/tonpvpgamebot,https://tapps.center/payments
Payments,https://tapps.center/payments,"Shopalia
Community e-commerce for Telegram
OPEN",,https://tapps.center/application/shopalia,https://t.me/shopalia_bot,https://tapps.center/payments
Payments,https://tapps.center/payments,"ThePredictorX
Make free Crypto & Sports predictions and earn TON
OPEN",,https://tapps.center/application/thepredictorx,https://t.me/thepredictorxbot,https://tapps.center/payments
Payments,https://tapps.center/payments,"Coindisco - crypto on-ramp
Crypto offers from trusted providers
OPEN",,https://tapps.center/application/coindisco,https://t.me/coindisco_bot,https://tapps.center/payments
Payments,https://tapps.center/payments,"ECOS - Bitcoin Mining Company
Bitcoin Mining - Buy, Rent, Host&Trade ASICs, Clou",,https://tapps.center/application/ecosbitcoinminingcompany,https://t.me/ECOS_BTC_Mining_bot,https://tapps.center/payments
Payments,https://tapps.center/payments,"LinkSea
Telegram Group Monetization & Management Tool
OPEN",,https://tapps.center/application/linksea,https://t.me/LinkSeaBot,https://tapps.center/payments
Payments,https://tapps.center/payments,"Kolo
The single app for spending, sending, and banking
OPEN",,https://tapps.center/application/kolo,https://t.me/kolo,https://tapps.center/payments
Payments,https://tapps.center/payments,"DEGENPHONE
NFT phone number
OPEN",,https://tapps.center/application/degenphone,https://t.me/degenphonetonbot,https://tapps.center/payments
Payments,https://tapps.center/payments,"EMCD Wallet
Full EMCD ecosystem in Telegram
OPEN",,https://tapps.center/application/emcdwallet,https://t.me/EmcdWalletBot,https://tapps.center/payments
Payments,https://tapps.center/payments,"Workton - freelance
Telegram-native freelance platform
OPEN",,https://tapps.center/application/worktonfreelance,https://t.me/workton_freelance_bot,https://tapps.center/payments
Payments,https://tapps.center/payments,"SPLIT
Buy Stars, trade NFTs, enjoy Telegram Premium
OPEN",,https://tapps.center/application/split,https://t.me/splitapp,https://tapps.center/payments
Payments,https://tapps.center/payments,"Onesim
eSIM data plans with Best Price Guarantee
OPEN",,https://tapps.center/application/onesim,https://t.me/myesim_bot,https://tapps.center/payments
Payments,https://tapps.center/payments,"StarBox
Buy stars 25% cheaper
OPEN",,https://tapps.center/application/starbox,https://t.me/Starsb0xBot,https://tapps.center/payments
Payments,https://tapps.center/payments,"Normies
⁠Seamlessly enabling transfer crypto to fiat or vice versa!
OPEN",,https://tapps.center/application/normies,https://t.me/normies_ton_bot,https://tapps.center/payments
Payments,https://tapps.center/payments,"MoMaru Box
Experience a New Toy Collecting Adventure
OPEN",,https://tapps.center/application/momarubox,https://t.me/momaru_bot,https://tapps.center/payments
Payments,https://tapps.center/payments,"TripBooking
Book Hotels in Telegram with TON/USDT
OPEN",,https://tapps.center/application/tripbooking,https://t.me/TripBookingBot,https://tapps.center/payments
Payments,https://tapps.center/payments,"TON Travel
Get Up to 8% Cashback in TON!
OPEN",,https://tapps.center/application/tontravel,https://t.me/TravelwithTonbot,https://tapps.center/payments
Payments,https://tapps.center/payments,"Futurum
Prediction platform for the sharpest minds
OPEN",,https://tapps.center/application/futurum,https://t.me/ft_rm_bot,https://tapps.center/payments
Payments,https://tapps.center/payments,"Onramp Ton
Buy & Sell Crypto Instantly
OPEN",,https://tapps.center/application/onrampton,https://t.me/OnrampTonBot,https://tapps.center/payments
Payments,https://tapps.center/payments,"RiftN
Use TON wallet to buy Stars & Premium without KYC
OPEN",,https://tapps.center/application/riftn,https://t.me/riftn_bot,https://tapps.center/payments
Payments,https://tapps.center/payments,"Antarctic Wallet
Pay with crypto for fiat QR codes in stores, cafés, and at chec",,https://tapps.center/application/antarcticwallet,https://t.me/antarctic_wallet_bot,https://tapps.center/payments
Payments,https://tapps.center/payments,"TON R@MP
Buy & Sell USDT with BRL
OPEN",,https://tapps.center/application/tonrmp,https://t.me/TonRmpBot,https://tapps.center/payments
Payments,https://tapps.center/payments,"Frame
Cheap Telegram Stars
OPEN",,https://tapps.center/application/frame,https://t.me/Framestars_bot,https://tapps.center/payments
Payments,https://tapps.center/payments,"Predicta
Trade the Future!
OPEN",,https://tapps.center/application/predicta,https://t.me/Predicta_Market_Bot,https://tapps.center/payments
Payments,https://tapps.center/payments,"DinoGo Travel
Book Hotels, Flight with Crypto
OPEN",,https://tapps.center/application/dinogotravel,https://t.me/dinogo_notification_bot,https://tapps.center/payments
Payments,https://tapps.center/payments,"Fonbnk
Swap local cash → USDT on TON in seconds
OPEN",,https://tapps.center/application/fonbnk,https://t.me/FonbnkPayBot,https://tapps.center/payments
Payments,https://tapps.center/payments,"RedotPay
Your Everyday Crypto Card
OPEN",,https://tapps.center/application/redotpay,https://t.me/redotpay_bot,https://tapps.center/payments
Payments,https://tapps.center/payments,"TheOpenCard
Exclusive Crypto Card for the Elite – Spend Crypto Like Cash
OPEN",,https://tapps.center/application/theopencard,https://t.me/TheOpenCardbot,https://tapps.center/payments
Payments,https://tapps.center/payments,"J-Wallet
Real-world crypto spending in Indonesia
OPEN",,https://tapps.center/application/jagadwallet,https://t.me/JagadWalletBot,https://tapps.center/payments
Payments,https://tapps.center/payments,"Sellmate
Create your own store in a few clicks
OPEN",,https://tapps.center/application/sellmate,https://t.me/sellmatebot,https://tapps.center/payments
Payments,https://tapps.center/payments,"Ton Art
Digital Art Marketplace on TON
OPEN",,https://tapps.center/application/tonart,https://t.me/TonArt_Bot,https://tapps.center/payments
Payments,https://tapps.center/payments,"Tonomy
First decentralized prediction market on TON
OPEN",,https://tapps.center/application/tonomy,https://t.me/tonomy,https://tapps.center/payments
Payments,https://tapps.center/payments,"Marketplace
Discover shops on Telegram!
OPEN",,https://tapps.center/application/marketplace,https://t.me/MarketplaceTelebot,https://tapps.center/payments
Payments,https://tapps.center/payments,"Peravel
Travel, Live, Pay, Earn
OPEN",,https://tapps.center/application/peravel,https://t.me/Peravelbot,https://tapps.center/payments
Payments,https://tapps.center/payments,"Vendorz
Launch your own store on Telegram
OPEN",,https://tapps.center/application/vendorz,https://t.me/Vendorzbot,https://tapps.center/payments
Payments,https://tapps.center/payments,"Polka
Universal, and stylish storefront for your store
OPEN",,https://tapps.center/application/polka,https://t.me/polka_app_bot,https://tapps.center/payments
Payments,https://tapps.center/payments,"Buzzit.TON
Telegram native prediction mini app
OPEN",,https://tapps.center/application/buzzitton,https://t.me/buzzit1_bot,https://tapps.center/payments
Payments,https://tapps.center/payments,"Payecards
Your Digital Finance Hub
OPEN",,https://tapps.center/application/payecards,https://t.me/payecards_bot,https://tapps.center/payments
Payments,https://tapps.center/payments,"Hybrid Savings — Hot Deals
A platform with lucrative deals combining WEB 2 & WEB",,https://tapps.center/application/hybridsavings,https://t.me/HybridSavingsbot,https://tapps.center/payments
Payments,https://tapps.center/payments,"TonTopUp
Easy Top Up With $Ton
OPEN",,https://tapps.center/application/tontopup,https://t.me/TonTopUp_bot,https://tapps.center/payments
Payments,https://tapps.center/payments,"Uquid Shop
Shop Everything with $TON
OPEN",,https://tapps.center/application/uquidshop,https://t.me/uquidbot,https://tapps.center/payments
Payments,https://tapps.center/payments,"Shop 1 USDT
Shop with 1 USDT
OPEN",,https://tapps.center/application/shop1usdt,https://t.me/shop1usdt_bot,https://tapps.center/payments
Payments,https://tapps.center/payments,"eSIMhub
Whole World & One eSIM
OPEN",,https://tapps.center/application/esimhub,https://t.me/eSIMhubBot,https://tapps.center/payments
Payments,https://tapps.center/payments,"Karta.com
Book thousands of stays worldwide with Karta.com directly in Telegram
",,https://tapps.center/application/kartacom,https://t.me/kartacom_bot,https://tapps.center/payments
Payments,https://tapps.center/payments,"DepinSim
The First Connectivity Depin on TON
OPEN",,https://tapps.center/application/depinsim,https://t.me/DepinSimBot,https://tapps.center/payments
Payments,https://tapps.center/payments,"Gumart
Build the ultimate marketplace – limitless potential, zero boundaries!
OP",,https://tapps.center/application/gumart,https://t.me/gumart_bot,https://tapps.center/payments
Payments,https://tapps.center/payments,"Bion
Bion is a Web3 shopping miniapp where users can shop with crypto and earn c",,https://tapps.center/application/bion,https://t.me/bionapp_bot,https://tapps.center/payments
Payments,https://tapps.center/payments,"esim4u
Experience seamless connectivity.
OPEN",,https://tapps.center/application/esim4u,https://t.me/esim4u_bot,https://tapps.center/payments
Payments,https://tapps.center/payments,"TonGifts
Spread joy! Easily send crypto & gifts to friends.
OPEN",,https://tapps.center/application/tongifts,https://t.me/GetTonGifts_Bot,https://tapps.center/payments
Payments,https://tapps.center/payments,"Shops Builder
Create your store on Telegram and start selling in a few clicks.
O",,https://tapps.center/application/telegramshopsbuilder,https://t.me/ShopsBuilderBot,https://tapps.center/payments
Payments,https://tapps.center/payments,"Play Wallet
Top up gaming platforms such as Steam with cryptocurrency.
OPEN",,https://tapps.center/application/playwallet,https://t.me/playwalletbot,https://tapps.center/payments
Finance,https://tapps.center/finance,"Wallet
Editors' Choice
Get up to 5% on TON!
OPEN",,https://tapps.center/application/wallet,https://t.me/wallet,https://tapps.center/finance
Finance,https://tapps.center/finance,"Blum
Editors' Choice
Visit Blum Memepad
OPEN",,https://tapps.center/application/blum,https://t.me/BlumCryptoBot,https://tapps.center/finance
Finance,https://tapps.center/finance,"EVAA Protocol
Editors' Choice
EVAA – the lending protocol on TON blockchain.
OPE",,https://tapps.center/application/evaaprotocol,https://t.me/evaaappbot,https://tapps.center/finance
Finance,https://tapps.center/finance,"PocketFi
PocketFi is the ultimate solution for seamless cross-chain token transf",,https://tapps.center/application/pocketfi,https://t.me/pocketfi_bot,https://tapps.center/finance
Finance,https://tapps.center/finance,"Pnl Calculator
The Telegram-native crypto trading simulator
OPEN",,https://tapps.center/application/pnlcalculator,https://t.me/calculatorpnl_bot,https://tapps.center/finance
Finance,https://tapps.center/finance,"PAYchat
P2P USDT trading, zero fees
OPEN",,https://tapps.center/application/paychat,https://t.me/paychat_aibot,https://tapps.center/finance
Finance,https://tapps.center/finance,"StellarNova
Next-generation non-custodial Stellar & Ton Wallet
OPEN",,https://tapps.center/application/stellarnova,https://t.me/stellar_nova_bot,https://tapps.center/finance
Finance,https://tapps.center/finance,"FolioTrade
Automated Spot Crypto Trading Bot
OPEN",,https://tapps.center/application/foliotrade,https://t.me/FolioTradeBot,https://tapps.center/finance
Finance,https://tapps.center/finance,"StarGate - Star to TON
Swap Telegram Stars for TON
OPEN",,https://tapps.center/application/stargate,https://t.me/stargateton_bot,https://tapps.center/finance
Finance,https://tapps.center/finance,"CarbonDeFi
Trade any token to any token - onchain trading strategies
OPEN",,https://tapps.center/application/carbondefi,https://t.me/CarbonDefiAppBot,https://tapps.center/finance
Finance,https://tapps.center/finance,"Starliquid
Telegram Perps, Powered by Stars. Crypto trading simulator.
OPEN",,https://tapps.center/application/starliquid,https://t.me/starliquid_bot,https://tapps.center/finance
Finance,https://tapps.center/finance,"Eswap
Eswap a 0% interest spot margin DEX
OPEN",,https://tapps.center/application/eswap,https://t.me/Eswap_tradingbot,https://tapps.center/finance
Finance,https://tapps.center/finance,"Stars Base
Earn up to 28.7% APY
OPEN",,https://tapps.center/application/starsbase,https://t.me/starsbase_bot,https://tapps.center/finance
Finance,https://tapps.center/finance,"JetTrade – TON Trading Bot
A reliable TON Trading Bot
OPEN",,https://tapps.center/application/jettrade,https://t.me/jettradebot,https://tapps.center/finance
Finance,https://tapps.center/finance,"ECOS - Bitcoin Mining Company
Bitcoin Mining - Buy, Rent, Host&Trade ASICs, Clou",,https://tapps.center/application/ecosbitcoinminingcompany,https://t.me/ECOS_BTC_Mining_bot,https://tapps.center/finance
Finance,https://tapps.center/finance,"DCA TON Strategy
Smart Investing
OPEN",,https://tapps.center/application/dcatonstrategy,https://t.me/dcatonstrategy_bot,https://tapps.center/finance
Finance,https://tapps.center/finance,"Tonkeeper
Store and transfer TON assets
OPEN",,https://tapps.center/application/tonkeeper,https://t.me/tonkeeper,https://tapps.center/finance
Finance,https://tapps.center/finance,"MyTONWallet
Next-generation crypto wallet
OPEN",,https://tapps.center/application/mytonwallet,https://mytonwallet.app/,https://tapps.center/finance
Finance,https://tapps.center/finance,"Maestro
The official Maestro trading bot!
OPEN",,https://tapps.center/application/maestro,https://t.me/MaestroSniperBot,https://tapps.center/finance
Finance,https://tapps.center/finance,"DTrade
TON trading bot
OPEN",,https://tapps.center/application/dtrade,https://t.me/dtrade,https://tapps.center/finance
Finance,https://tapps.center/finance,"Kolo
The single app for spending, sending, and banking
OPEN",,https://tapps.center/application/kolo,https://t.me/kolo,https://tapps.center/finance
Finance,https://tapps.center/finance,"EMCD Wallet
Full EMCD ecosystem in Telegram
OPEN",,https://tapps.center/application/emcdwallet,https://t.me/EmcdWalletBot,https://tapps.center/finance
Finance,https://tapps.center/finance,"Fast Ton Trade
Swap in Telegram! Stop loss now!
OPEN",,https://tapps.center/application/fasttontrade,https://t.me/FastTonTradeBot,https://tapps.center/finance
Finance,https://tapps.center/finance,"BC Future
BCFuture is a trading and training platform for traders
OPEN",,https://tapps.center/application/bcfuture,https://t.me/BCFutureBot,https://tapps.center/finance
Finance,https://tapps.center/finance,"x1000
TON Trading Terminal
OPEN",,https://tapps.center/application/x1000,https://x1000.finance/,https://tapps.center/finance
Finance,https://tapps.center/finance,"TON Academy
Explore courses about the TON Ecosystem
OPEN",,https://tapps.center/application/tonacademy,https://t.me/tonacad_bot,https://tapps.center/finance
Finance,https://tapps.center/finance,"Preseller
Launch presale your jetton
OPEN",,https://tapps.center/application/preseller,https://t.me/tonpreseller_bot,https://tapps.center/finance
Finance,https://tapps.center/finance,"MusiKhan
Tune-to-Earn Backed by Music RWA
OPEN",,https://tapps.center/application/musikhan,https://t.me/musikhan_bot,https://tapps.center/finance
Finance,https://tapps.center/finance,"Onramp Ton
Buy & Sell Crypto Instantly
OPEN",,https://tapps.center/application/onrampton,https://t.me/OnrampTonBot,https://tapps.center/finance
Finance,https://tapps.center/finance,"Webtransfer
Webtransfer is your go-to platform for p2p social lending, where eve",,https://tapps.center/application/webtransfer,https://t.me/Webtransfer_apps_bot,https://tapps.center/finance
Finance,https://tapps.center/finance,"Antarctic Wallet
Pay with crypto for fiat QR codes in stores, cafés, and at chec",,https://tapps.center/application/antarcticwallet,https://t.me/antarctic_wallet_bot,https://tapps.center/finance
Finance,https://tapps.center/finance,"TTM Wallet
Crypto wallet with mining, duels, and token rewards
OPEN",,https://tapps.center/application/ttmwallet,https://t.me/TTMgames_bot,https://tapps.center/finance
Finance,https://tapps.center/finance,"Trading Wars
Trading skills mini game
OPEN",,https://tapps.center/application/tradingwars,https://t.me/TradingWars_bot,https://tapps.center/finance
Finance,https://tapps.center/finance,"Cede Hub
Trade and Earn USDT now!
OPEN",,https://tapps.center/application/cedehub,https://t.me/Cede_Hub_Bot,https://tapps.center/finance
Finance,https://tapps.center/finance,"FIVA
Earn up to 15% on USD deposits
OPEN",,https://tapps.center/application/fiva,https://t.me/fiva_yield_bot,https://tapps.center/finance
Finance,https://tapps.center/finance,"RedotPay
Your Everyday Crypto Card
OPEN",,https://tapps.center/application/redotpay,https://t.me/redotpay_bot,https://tapps.center/finance
Finance,https://tapps.center/finance,"J-Wallet
Real-world crypto spending in Indonesia
OPEN",,https://tapps.center/application/jagadwallet,https://t.me/JagadWalletBot,https://tapps.center/finance
Finance,https://tapps.center/finance,"Spell Wallet
Web3 Wallet: Crypto, NFT, Defi
OPEN",,https://tapps.center/application/spellwallet,https://t.me/spell_wallet_bot,https://tapps.center/finance
Finance,https://tapps.center/finance,"Bidask DEX
CLMM DEX architected natively for TON Blockchain – optimized for spee",,https://tapps.center/application/bidaskdex,https://t.me/bidask_protocol_bot,https://tapps.center/finance
Finance,https://tapps.center/finance,"Bybit
Buy Crypto
OPEN",,https://tapps.center/application/bybit,https://t.me/Bybitglobal_Official_Bot,https://tapps.center/finance
Finance,https://tapps.center/finance,"Upscale
Get funded for trading — keep up to 90% profits
OPEN",,https://tapps.center/application/upscale,https://t.me/UpscaleTradeBot,https://tapps.center/finance
Finance,https://tapps.center/finance,"Telegram USD
Putting cross-chain yield in every pockets
OPEN",,https://tapps.center/application/telegramusd,https://t.me/tgusd_official_bot,https://tapps.center/finance
Finance,https://tapps.center/finance,"$KTON
Liquid staking protocol on TON ecosystem
OPEN",,https://tapps.center/application/kton,https://t.me/ktonio_bot,https://tapps.center/finance
Finance,https://tapps.center/finance,"Titan Trade
Powerful CLMM DEX on TON
OPEN",,https://tapps.center/application/titantrade,https://t.me/TitanTradeBot,https://tapps.center/finance
Finance,https://tapps.center/finance,"Affluent
Trustless Asset Management
OPEN",,https://tapps.center/application/factorialfinance,https://t.me/AffluentAppBot,https://tapps.center/finance
Finance,https://tapps.center/finance,"XCrypto
Send and receive Cryptocurrency, secure storage, Easy Trading, CEX
OPEN",,https://tapps.center/application/xcrypto,https://t.me/TradeTON,https://tapps.center/finance
Finance,https://tapps.center/finance,"Walletium
Hybrid Wallet, TEX Fueling Constant Growth
OPEN",,https://tapps.center/application/walletium,https://t.me/walletiumbot,https://tapps.center/finance
Finance,https://tapps.center/finance,"TABB
Learn cryptocurrency trading through gamification
OPEN",,https://tapps.center/application/tabb,https://t.me/BullBearyBot,https://tapps.center/finance
Finance,https://tapps.center/finance,"TON UP OR DOWN
Predict the TON price
OPEN",,https://tapps.center/application/tonupordown,https://t.me/tonupordownbot,https://tapps.center/finance
Finance,https://tapps.center/finance,"Beetroot Finance
Automated yield farming aggregator on TON blockchain
OPEN",,https://tapps.center/application/beetrootfinance,https://t.me/BeetrootFiBot,https://tapps.center/finance
Finance,https://tapps.center/finance,"Ape.Day
Memecoins trading platform
OPEN",,https://tapps.center/application/apeday,https://t.me/apeday_bot,https://tapps.center/finance
Finance,https://tapps.center/finance,"Gate.io Wallet
Start your Web3 journey today with the Gate.io Web3 Wallet Miniap",,https://tapps.center/application/gateiowallet,https://t.me/gateio_Wallet_bot,https://tapps.center/finance
Finance,https://tapps.center/finance,"Bitget Wallet
Join 40M+ users to earn and transfer crypto securely across 100+ b",,https://tapps.center/application/bitgetwallet,https://t.me/BitgetWallet_TGBot,https://tapps.center/finance
Finance,https://tapps.center/finance,"Gate.io
Gate.io, your gateway to crypto
OPEN",,https://tapps.center/application/gateioofficial,https://t.me/gate_official_bot,https://tapps.center/finance
Finance,https://tapps.center/finance,"OKX Wallet
Self-managed, millions of tokens, free to use
OPEN",,https://tapps.center/application/okxwallet,https://t.me/OKX_WALLET_BOT,https://tapps.center/finance
Finance,https://tapps.center/finance,"TonTrading
Trading Bot on TON
OPEN",,https://tapps.center/application/tontrading,https://t.me/tontrade,https://tapps.center/finance
Finance,https://tapps.center/finance,"Ton Pools
No loss prize linked staking on TON
OPEN",,https://tapps.center/application/tonpools,https://t.me/tonpools_bot,https://tapps.center/finance
Finance,https://tapps.center/finance,"TON Bridge
Unlimited TON Bridge on TONBANKCARD
OPEN",,https://tapps.center/application/tonbridge,https://t.me/TONBridge_robot,https://tapps.center/finance
Finance,https://tapps.center/finance,"Bivreost Wallet
Telegram wallet for fast social interaction
OPEN",,https://tapps.center/application/bivreostwallet,https://t.me/bivreost_bot,https://tapps.center/finance
Finance,https://tapps.center/finance,"Tomo Wallet
All-in-one social wallet
OPEN",,https://tapps.center/application/tomowallet,https://t.me/tomowalletbot,https://tapps.center/finance
Finance,https://tapps.center/finance,"Rainbow Swap
Swap Aggregator on TON
OPEN",,https://tapps.center/application/rainbowswap,https://t.me/rainbow_swap_bot,https://tapps.center/finance
Finance,https://tapps.center/finance,"SettleTON
Auto-Reinvest with ONE click
OPEN",,https://tapps.center/application/settleton,https://t.me/settleton_bot,https://tapps.center/finance
Finance,https://tapps.center/finance,"Torch DEX
Curve-powered stable swap DEX for stables and LSTs on TON
OPEN",,https://tapps.center/application/torchfinance,https://t.me/torch_finance_bot,https://tapps.center/finance
Finance,https://tapps.center/finance,"DeWallet
This is a delab bot, here you can run our applications.
OPEN",,https://tapps.center/application/dewallet,https://t.me/dewallet,https://tapps.center/finance
Finance,https://tapps.center/finance,"swap.coffee
The most effective DEX Aggregator on TON. Smart routing and transact",,https://tapps.center/application/swapcoffee,https://t.me/swapcoffeebot,https://tapps.center/finance
Finance,https://tapps.center/finance,"Tradoor Trading
Trade crypto in seconds on Tradoor.io - connect your Wallet and ",,https://tapps.center/application/tradoortradingbot,https://t.me/tradoor_io_bot,https://tapps.center/finance
Finance,https://tapps.center/finance,"Gas Pump
Create and trade tokens on TON the fairest way possible!
OPEN",,https://tapps.center/application/gaspump,https://t.me/gasPump_bot,https://tapps.center/finance
Finance,https://tapps.center/finance,"ROoLZ
ROoLZ ecosystem Bot: Collect Points for GODL by; Doing Tasks, Staking ROoL",,https://tapps.center/application/roolzquestbot,https://t.me/ROoLZQuest_bot,https://tapps.center/finance
Finance,https://tapps.center/finance,"HOT Wallet
New generation Telegram wallet, built on NEAR.
OPEN",,https://tapps.center/application/nearwallet,https://t.me/herewalletbot,https://tapps.center/finance
Finance,https://tapps.center/finance,"bemo
Earn up to 25% staking TON.
OPEN",,https://tapps.center/application/bemo,https://t.me/bemo_finance_bot,https://tapps.center/finance
Finance,https://tapps.center/finance,"STON.fi
Instantly swap Toncoin for any coin or token at the best rate. Powered b",,https://tapps.center/application/stonfi,https://t.me/ston_fi,https://tapps.center/finance
Finance,https://tapps.center/finance,"Hipo App
Stake any amount of TON and earn liquid rewards with hTON
OPEN",,https://tapps.center/application/hipoapp,https://t.me/HipoFinanceBot,https://tapps.center/finance
Finance,https://tapps.center/finance,"DeDust.io
Leading decentralized exchange on TON.
OPEN",,https://tapps.center/application/dedustio,https://t.me/dedustbot,https://tapps.center/finance
Finance,https://tapps.center/finance,"Stakee
Stake your TON and earn up to 5% APY.
OPEN",,https://tapps.center/application/stakee,https://t.me/StakeeBot,https://tapps.center/finance
Finance,https://tapps.center/finance,"Storm Trade
Leverage trade x100 crypto, forex and more
OPEN",,https://tapps.center/application/stormtradebot,https://t.me/StormTradeBot,https://tapps.center/finance
Finance,https://tapps.center/finance,"Tonstakers
Earn rewards with Liquid Staking on TON with highest APY on the marke",,https://tapps.center/application/tonstakers,https://t.me/tonstakers_bot,https://tapps.center/finance
Finance,https://tapps.center/finance,"Ammer Wallet
Send and receive crypto and NFTs directly in Telegram
OPEN",,https://tapps.center/application/ammerwallet,https://t.me/ammer_wallet_bot,https://tapps.center/finance
Finance,https://tapps.center/finance,"xRocket
Trade, send, and receive popular cryptocurrencies.
OPEN",,https://tapps.center/application/xrocket,https://t.me/xrocket,https://tapps.center/finance
Finance,https://tapps.center/finance,"Crypto Bot
Use @CryptoBot to buy, sell, store and pay with cryptocurrency right ",,https://tapps.center/application/cryptobot,https://t.me/CryptoBot,https://tapps.center/finance
NFT,https://tapps.center/nft,"Getgems
Editors' Choice
Trade Gifts with 0% royalties!
OPEN",,https://tapps.center/application/getgems,https://t.me/GetgemsNftBot,https://tapps.center/nft
NFT,https://tapps.center/nft,"Duckygram
Editors' Choice
Breed unique collectible ducks and earn $EGG
OPEN",,https://tapps.center/application/duckygram,https://t.me/duckygram_bot,https://tapps.center/nft
NFT,https://tapps.center/nft,"Major
Editors' Choice
First rating game in Telegram.
OPEN",,https://tapps.center/application/major,https://t.me/major,https://tapps.center/nft
NFT,https://tapps.center/nft,"StashGram
Digital goods marketplace for creators
OPEN",,https://tapps.center/application/stashgram,https://t.me/stash_gram_bot,https://tapps.center/nft
NFT,https://tapps.center/nft,"Emojii
Emojiis — first NFT emojis in Telegram!
OPEN",,https://tapps.center/application/emojii,https://t.me/emojii_robot,https://tapps.center/nft
NFT,https://tapps.center/nft,"Giftlytics
Track Telegram NFT Gifts
OPEN",,https://tapps.center/application/giftlytics,https://t.me/giftlyticsbot,https://tapps.center/nft
NFT,https://tapps.center/nft,"$SCUFFY MINTER
Craft your own $Scuffy NFT here!
OPEN",,https://tapps.center/application/scuffyminter,https://t.me/scuffynftbot,https://tapps.center/nft
NFT,https://tapps.center/nft,"Core
Gift crafting, splitting & portfolio platform
OPEN",,https://tapps.center/application/core,https://t.me/core_fbot,https://tapps.center/nft
NFT,https://tapps.center/nft,"Minzen
Fun mini games with TON prizes
OPEN",,https://tapps.center/application/minzen,https://t.me/minzen_bot,https://tapps.center/nft
NFT,https://tapps.center/nft,"Collector Crypt
Digital packs, physical cards
OPEN",,https://tapps.center/application/collectorcrypt,https://t.me/collectorcrypt,https://tapps.center/nft
NFT,https://tapps.center/nft,"Gifture
Access 18,000+ exclusive gifts instantly
OPEN",,https://tapps.center/application/gifture,https://t.me/gifture_bot,https://tapps.center/nft
NFT,https://tapps.center/nft,"Plux
Earn Plux tokens for your Telegram Gifts
OPEN",,https://tapps.center/application/plux,https://t.me/ThePluxBot,https://tapps.center/nft
NFT,https://tapps.center/nft,"@Tags Bot
Marketplace for NFT and non-NFT tags
OPEN",,https://tapps.center/application/tagsbot,https://t.me/TagsBot,https://tapps.center/nft
NFT,https://tapps.center/nft,"GiftScout
Telegram Gift Analytics
OPEN",,https://tapps.center/application/giftscout,https://t.me/GiftScout_Bot,https://tapps.center/nft
NFT,https://tapps.center/nft,"Meow Bot
Participate and win!
OPEN",,https://tapps.center/application/meowbot,https://t.me/meowgifts_bot,https://tapps.center/nft
NFT,https://tapps.center/nft,"Rocket Case
Telegram NFT Gifts Game
OPEN",,https://tapps.center/application/rocketcase,https://t.me/RocketCaseBot,https://tapps.center/nft
NFT,https://tapps.center/nft,"Gift Charts
NFT Gifts Hourly Price Updates
OPEN",,https://tapps.center/application/giftcharts,https://t.me/gift_charts_bot,https://tapps.center/nft
NFT,https://tapps.center/nft,"Gift Fest
The festival starts now!
OPEN",,https://tapps.center/application/giftfest,https://t.me/giftfest2_bot,https://tapps.center/nft
NFT,https://tapps.center/nft,"Gift Phase
Play solo or PVP and win gifts faster than ever!
OPEN",,https://tapps.center/application/giftphase,https://t.me/giftphasebot,https://tapps.center/nft
NFT,https://tapps.center/nft,"Boxium
Play to win NFT gifts
OPEN",,https://tapps.center/application/boxium,https://t.me/boxiumbot,https://tapps.center/nft
NFT,https://tapps.center/nft,"Looty - Free Case Every Day
Looty is your chance win unique Telegram gifts!
OPEN",,https://tapps.center/application/looty,https://t.me/looty_app_bot,https://tapps.center/nft
NFT,https://tapps.center/nft,"Qzino App
The Future of iGaming
OPEN",,https://tapps.center/application/qzinoapp,https://t.me/qzino_official_bot,https://tapps.center/nft
NFT,https://tapps.center/nft,"Charmis
Modified Marketplace of Telegram Gifts
OPEN",,https://tapps.center/application/charmis,https://t.me/Charmisbot,https://tapps.center/nft
NFT,https://tapps.center/nft,"PandaFiT
Collectible pandas, NFT attributes & TON rewards!
OPEN",,https://tapps.center/application/pandafit,https://t.me/PandaFiT_bot,https://tapps.center/nft
NFT,https://tapps.center/nft,"TonTrust
Platform offering anonymous collectible Telegram numbers.
OPEN",,https://tapps.center/application/tontrust,https://t.me/tontrustenbot,https://tapps.center/nft
NFT,https://tapps.center/nft,"Fuse
Get your first tokenized sticker pack right here!
OPEN",,https://tapps.center/application/fuse,https://t.me/FuseStickerBot,https://tapps.center/nft
NFT,https://tapps.center/nft,"collectical
Gifts and stickers aggregator
OPEN",,https://tapps.center/application/collectical,https://t.me/collectical_bot,https://tapps.center/nft
NFT,https://tapps.center/nft,"SPLIT
Buy Stars, trade NFTs, enjoy Telegram Premium
OPEN",,https://tapps.center/application/split,https://t.me/splitapp,https://tapps.center/nft
NFT,https://tapps.center/nft,"Check My Gifts
Manage and track Telegram gifts
OPEN",,https://tapps.center/application/checkmygifts,https://t.me/CheckMyGifts_bot,https://tapps.center/nft
NFT,https://tapps.center/nft,"Case Place
Exclusive cases with NFTs
OPEN",,https://tapps.center/application/caseplace,https://t.me/caseplacebot,https://tapps.center/nft
NFT,https://tapps.center/nft,"Swift Gifts
Trade Smarter, One Platform Access
OPEN",,https://tapps.center/application/swiftgifts,https://t.me/swiftgifts_official_bot,https://tapps.center/nft
NFT,https://tapps.center/nft,"Elephant Store
Don't miss a single sticker — collect them all!
OPEN",,https://tapps.center/application/elephantstore,https://t.me/ElephantStoreBot,https://tapps.center/nft
NFT,https://tapps.center/nft,"Mutant Gifts
A game with integrated AI and telegram gifts
OPEN",,https://tapps.center/application/mutantgifts,https://t.me/mutant_gifts_bot,https://tapps.center/nft
NFT,https://tapps.center/nft,"Rakurai
Create, sell, and rent out NFT anime characters
OPEN",,https://tapps.center/application/rakurai,https://t.me/rakurai_bot,https://tapps.center/nft
NFT,https://tapps.center/nft,"Gifth
Telegram’s Premier Gift Marketplace
OPEN",,https://tapps.center/application/gifth,https://t.me/gifth_bot,https://tapps.center/nft
NFT,https://tapps.center/nft,"Rolls
Get 20%+ APR for your Telegram Gifts!
OPEN",,https://tapps.center/application/rolls,https://t.me/rollsgame_bot,https://tapps.center/nft
NFT,https://tapps.center/nft,"AutoGifts
A bot that automatically sends new gifts
OPEN",,https://tapps.center/application/autogifts,https://t.me/autogfts_bot,https://tapps.center/nft
NFT,https://tapps.center/nft,"Harbor Market
Trade stickers and collectibles!
OPEN",,https://tapps.center/application/harbormarket,https://t.me/harbor_market_bot,https://tapps.center/nft
NFT,https://tapps.center/nft,"Gift Rewards
Play games and win rare gifts on Telegram
OPEN",,https://tapps.center/application/giftrewards,https://t.me/GiftRewardsBot,https://tapps.center/nft
NFT,https://tapps.center/nft,"CryptoRiviera
RIV: Digital passport to eco-city.
OPEN",,https://tapps.center/application/cryptoriviera,https://t.me/Crypto_Riviera_bot,https://tapps.center/nft
NFT,https://tapps.center/nft,"DOIDO Market
Off-chain gift marketplace
OPEN",,https://tapps.center/application/doidomarket,https://t.me/doido_marketplace_bot,https://tapps.center/nft
NFT,https://tapps.center/nft,"GiftHub
Have another fun. Trade easy.
OPEN",,https://tapps.center/application/gifthub,https://t.me/gift_mplace_bot,https://tapps.center/nft
NFT,https://tapps.center/nft,"Gift Busket
Spin, win and trade where guarantee is 100%
OPEN",,https://tapps.center/application/giftbusket,https://t.me/giftbusketbot,https://tapps.center/nft
NFT,https://tapps.center/nft,"SimpleNFT
FOR CREATORS BY CREATORS.
OPEN",,https://tapps.center/application/simplenft,https://t.me/simplenftbot,https://tapps.center/nft
NFT,https://tapps.center/nft,"Spell Wallet
Web3 Wallet: Crypto, NFT, Defi
OPEN",,https://tapps.center/application/spellwallet,https://t.me/spell_wallet_bot,https://tapps.center/nft
NFT,https://tapps.center/nft,"Gift Kombat
Use your NFT in PVP battles
OPEN",,https://tapps.center/application/giftkombat,https://t.me/gift_kombat_bot,https://tapps.center/nft
NFT,https://tapps.center/nft,"Ton Art
Digital Art Marketplace on TON
OPEN",,https://tapps.center/application/tonart,https://t.me/TonArt_Bot,https://tapps.center/nft
NFT,https://tapps.center/nft,"GoGift
Open a case — win an NFT Gift!
OPEN",,https://tapps.center/application/gogift,https://t.me/GoGift_official_bot,https://tapps.center/nft
NFT,https://tapps.center/nft,"Gift Me Five
Give me five and win a gift!
OPEN",,https://tapps.center/application/giftmefive,https://t.me/GiftMeFiveBot,https://tapps.center/nft
NFT,https://tapps.center/nft,"Star Jack
Play and Win NFT gifts
OPEN",,https://tapps.center/application/starjack,https://t.me/StarJackOrig_bot,https://tapps.center/nft
NFT,https://tapps.center/nft,"Giftygram
Spin roulette and get unique gifts
OPEN",,https://tapps.center/application/giftygram,https://t.me/giftygram_bot,https://tapps.center/nft
NFT,https://tapps.center/nft,"Hats
Just staking TON project
OPEN",,https://tapps.center/application/hats,https://t.me/Hatstonbot,https://tapps.center/nft
NFT,https://tapps.center/nft,"Quick Gift
Spin and win exclusive gifts every day
OPEN",,https://tapps.center/application/quickgift,https://t.me/QuickGiftBot,https://tapps.center/nft
NFT,https://tapps.center/nft,"UPTON
UPTON opens a new chapter in crypto games. Token in the TON network, NFT m",,https://tapps.center/application/upton,https://t.me/UptonCryptoBot,https://tapps.center/nft
NFT,https://tapps.center/nft,"FractioNFT
Explore the world of fractional ownership
OPEN",,https://tapps.center/application/fractionft,https://t.me/FractioNftBot,https://tapps.center/nft
NFT,https://tapps.center/nft,"GOODS
Collect chips and NFTs, redeem for real products
OPEN",,https://tapps.center/application/goods,https://t.me/YourGoodsBot,https://tapps.center/nft
NFT,https://tapps.center/nft,"Sticker Store
Marketplace for Tokenized Stickers on Telegram
OPEN",,https://tapps.center/application/stickerstore,https://t.me/sticker_bot,https://tapps.center/nft
NFT,https://tapps.center/nft,"Mass Mint
A new era of decentralized NFT minting!
OPEN",,https://tapps.center/application/massmint,https://t.me/MassMintBot,https://tapps.center/nft
NFT,https://tapps.center/nft,"TRIBE TON
Cultural Multimedia Marketplace for content creators
OPEN",,https://tapps.center/application/tribeton,https://t.me/Tribeton_bot,https://tapps.center/nft
NFT,https://tapps.center/nft,"Tmail
Web3 Email on TON | Secure, Decentralized & Future-Ready
OPEN",,https://tapps.center/application/tmail,https://t.me/tmail_ton_bot,https://tapps.center/nft
NFT,https://tapps.center/nft,"Prime Gifts
Automated Trade platform for Telegram Gifts
OPEN",,https://tapps.center/application/primegifts,https://t.me/primegiftsbot,https://tapps.center/nft
NFT,https://tapps.center/nft,"VOXEL
Build, trade, and earn from 3D Voxel models
OPEN",,https://tapps.center/application/voxel,https://t.me/voxel_verse_bot,https://tapps.center/nft
NFT,https://tapps.center/nft,"CRONA
P2E crypto game powered by TON blockchain with NFT
OPEN",,https://tapps.center/application/crona,https://t.me/crona_game_bot,https://tapps.center/nft
NFT,https://tapps.center/nft,"Giftify
Ultimate Assistant for NFT and Gifts
OPEN",,https://tapps.center/application/giftify,https://t.me/giftify_nft_bot,https://tapps.center/nft
NFT,https://tapps.center/nft,"Tago
Prepare your own unique wolf for an exciting adventure
OPEN",,https://tapps.center/application/tago,https://t.me/TagoAppBot,https://tapps.center/nft
NFT,https://tapps.center/nft,"WTS
WTS marketplace on TON
OPEN",,https://tapps.center/application/wts,https://t.me/wtstonbot,https://tapps.center/nft
NFT,https://tapps.center/nft,"Tonique
NFT game platform
OPEN",,https://tapps.center/application/tonique,https://t.me/tonique_bot,https://tapps.center/nft
NFT,https://tapps.center/nft,"Mem Star Stickers
Collect unique limited stickers
OPEN",,https://tapps.center/application/memstarstickers,https://t.me/memstarbot,https://tapps.center/nft
NFT,https://tapps.center/nft,"ToON
Create, share, and explore with ToON
OPEN",,https://tapps.center/application/tonwrapped,https://t.me/toonorgbot,https://tapps.center/nft
NFT,https://tapps.center/nft,"The Path
Your Path to become Rich
OPEN",,https://tapps.center/application/thepath,https://t.me/ThePathGameBot,https://tapps.center/nft
NFT,https://tapps.center/nft,"Shkipper Penguins
Not your average tap game — swipe penguins and win!
OPEN",,https://tapps.center/application/shkipper,https://t.me/ShkipperCoinBot,https://tapps.center/nft
NFT,https://tapps.center/nft,"ToON Nation
Create a character, invite friends, earn rewards & join drops
OPEN",,https://tapps.center/application/toonnation,https://t.me/toon_nation_bot,https://tapps.center/nft
NFT,https://tapps.center/nft,"CapsGame
100% Authentic Caps Game
OPEN",,https://tapps.center/application/capsgame,https://t.me/CapsGameBot,https://tapps.center/nft
NFT,https://tapps.center/nft,"PizzaGems
PizzaGems is a new innovative NFT game based on the TON Blockchain.
OP",,https://tapps.center/application/pizzagems,https://t.me/pizzagems_bot,https://tapps.center/nft
NFT,https://tapps.center/nft,"Shardify
Split NFTs into tokens, buy/sell them to own a piece of NFT.
OPEN",,https://tapps.center/application/shardify,https://t.me/shardify_bot,https://tapps.center/nft
NFT,https://tapps.center/nft,"Telegram Moments
Bot for minting and verifying post and messages on Telegram.
OP",,https://tapps.center/application/telegrammoments,https://t.me/tgmoments_bot,https://tapps.center/nft
NFT,https://tapps.center/nft,"Tonnel Relayer
#1 Zero-Knowledge Privacy Protocol on TON.
OPEN",,https://tapps.center/application/tonnelrelayerbot,https://t.me/Tonnel_Network_bot,https://tapps.center/nft
NFT,https://tapps.center/nft,"NFT TONificator
Powerful NFT Trading Tool for TON
OPEN",,https://tapps.center/application/nfttonificator,https://t.me/nftTONificatorBot,https://tapps.center/nft
Tools,https://tapps.center/tools,"Community
Editors' Choice
Telegram-native toolset for communities and apps.
OPEN",,https://tapps.center/application/community,https://t.me/community_bot/,https://tapps.center/tools
Tools,https://tapps.center/tools,"Tribute
Editors' Choice
This bot helps creators monetize content through donatio",,https://tapps.center/application/tribute,https://t.me/tribute,https://tapps.center/tools
Tools,https://tapps.center/tools,"TonMobile eSIM
Editors' Choice
Buy eSim for any country with credit card or TON.",,https://tapps.center/application/mobile,https://t.me/Mobile,https://tapps.center/tools
Tools,https://tapps.center/tools,"QPOL VPN
NEW
The official webapp for QPOL VPN based on FROST/1 protocol.
OPEN",,https://tapps.center/application/qpolvpn,https://t.me/qpolvpnbot,https://tapps.center/tools
Tools,https://tapps.center/tools,"PixelAI
NEW
AI trend photo shoots
OPEN",,https://tapps.center/application/pixelai,https://t.me/PixelAI_robot,https://tapps.center/tools
Tools,https://tapps.center/tools,"Chat Manager
NEW
Simple profile chat automation.
OPEN",,https://tapps.center/application/chatmanager,https://t.me/chatadministator_bot,https://tapps.center/tools
Tools,https://tapps.center/tools,"JettonTonGuard
NEW
Rug & scam scanner for TON tokens
OPEN",,https://tapps.center/application/jettontonguard,https://t.me/JettonTonGuard_Bot,https://tapps.center/tools
Tools,https://tapps.center/tools,"Stickers Please: AI Stickers Generator
NEW
AI-powered stickers, made by you
OPEN",,https://tapps.center/application/stickersplease,https://t.me/stickerspls_bot,https://tapps.center/tools
Tools,https://tapps.center/tools,"Avocado AI
NEW
AI ads, UGC videos in your pocket
OPEN",,https://tapps.center/application/avocadoai,https://t.me/avocadoai_co_bot,https://tapps.center/tools
Tools,https://tapps.center/tools,"Unlist VPN
NEW
Fast VPN inside Telegram
OPEN",,https://tapps.center/application/unlistvpn,https://t.me/unlist_vpn_bot,https://tapps.center/tools
Tools,https://tapps.center/tools,"GoosleeBot
Instantly launch Google Meet & Zoom in your Telegram chat
OPEN",,https://tapps.center/application/goosleebot,https://t.me/goosleebot,https://tapps.center/tools
Tools,https://tapps.center/tools,"VVPORT VPN
VPN for iPhone and Android
OPEN",,https://tapps.center/application/vvportvpn,https://t.me/vpnru_eli_bot,https://tapps.center/tools
Tools,https://tapps.center/tools,"Venurax VPN
7 days free, then your choice
OPEN",,https://tapps.center/application/venuraxvpn,https://t.me/venuraxvpnbot,https://tapps.center/tools
Tools,https://tapps.center/tools,"RunTaskTimer
Goal countdown timers: solo, AI, team.
OPEN",,https://tapps.center/application/runtasktimer,https://t.me/runtasktimer_bot,https://tapps.center/tools
Tools,https://tapps.center/tools,"Bridge
Cross Post AI
OPEN",,https://tapps.center/application/bridge,https://t.me/BridgePostBot,https://tapps.center/tools
Tools,https://tapps.center/tools,"AFK
AFK (Away From Keyboard)
OPEN",,https://tapps.center/application/afk,https://t.me/aiafkbot,https://tapps.center/tools
Tools,https://tapps.center/tools,"Market Scanner
Daily Market Analysis
OPEN",,https://tapps.center/application/marketscanner,https://t.me/dailysignal101_bot,https://tapps.center/tools
Tools,https://tapps.center/tools,"KESS AI
Kess AI | Your AI | Your Support | Your Advantage
OPEN",,https://tapps.center/application/kessai,https://t.me/Kess_ai_tutor_bot,https://tapps.center/tools
Tools,https://tapps.center/tools,"Stealth Node VPN
Private VPN with trial & server switching
OPEN",,https://tapps.center/application/stealthnodevpn,https://t.me/StealthNodeVPNBot,https://tapps.center/tools
Tools,https://tapps.center/tools,"Privacy King
Secure local metadata and EXIF scrubber
OPEN",,https://tapps.center/application/privacyking,https://t.me/EXIFSHIELDBOT,https://tapps.center/tools
Tools,https://tapps.center/tools,"Fonix Ai
Your AI crypto assistant
OPEN",,https://tapps.center/application/fonixai,https://t.me/Fonix_Aibot,https://tapps.center/tools
Tools,https://tapps.center/tools,"Clipline
AI Video Cutter for Shorts | Reels | TikTok
OPEN",,https://tapps.center/application/clipline,https://t.me/Clipline_Bot,https://tapps.center/tools
Tools,https://tapps.center/tools,"Link Cleaneer
Removes links and unwanted invites
OPEN",,https://tapps.center/application/linkcleaneer,https://t.me/linkcleaneerbot,https://tapps.center/tools
Tools,https://tapps.center/tools,"Group Copilot
A One-Stop Management Tool for Groups and Channels
OPEN",,https://tapps.center/application/groupcopilot,https://t.me/mookry_bot,https://tapps.center/tools
Tools,https://tapps.center/tools,"stickerate
Create custom Telegram stickers from your photos
OPEN",,https://tapps.center/application/stickerate,https://t.me/stickerate_bot,https://tapps.center/tools
Tools,https://tapps.center/tools,"OG Hide
Fast no-logs VPN with 3-day trial
OPEN",,https://tapps.center/application/oghide,https://t.me/oghide_vpn_bot,https://tapps.center/tools
Tools,https://tapps.center/tools,"TgSQL
Remote DB management, right in Telegram
OPEN",,https://tapps.center/application/tgsql,https://t.me/tgsql_bot,https://tapps.center/tools
Tools,https://tapps.center/tools,"MentiOnBot
Smart Telegram mentions for teams
OPEN",,https://tapps.center/application/mentionbot,https://t.me/WorkMentionBot,https://tapps.center/tools
Tools,https://tapps.center/tools,"Opus Clip
AI clipper on Telegram
OPEN",,https://tapps.center/application/opusclip,https://t.me/OpusClipsBot,https://tapps.center/tools
Tools,https://tapps.center/tools,"Adresan
The automated TON-Powered Ad marketplace with smart escrow
OPEN",,https://tapps.center/application/adresan,https://t.me/Adresan_bot,https://tapps.center/tools
Tools,https://tapps.center/tools,"SJ
Your premium AI assistant
OPEN",,https://tapps.center/application/sj,https://t.me/sjcoin25bot,https://tapps.center/tools
Tools,https://tapps.center/tools,"QR TAG
Animated QR codes with updateable links
OPEN",,https://tapps.center/application/qrtag,https://t.me/qrtagbot,https://tapps.center/tools
Tools,https://tapps.center/tools,"ListBook
Book appointments via Telegram
OPEN",,https://tapps.center/application/listbook,https://t.me/listbook_go_bot,https://tapps.center/tools
Tools,https://tapps.center/tools,"Receipt AI Split
AI splits restaurant bills fast
OPEN",,https://tapps.center/application/receiptaisplit,https://t.me/ReceiptAISplit_bot,https://tapps.center/tools
Tools,https://tapps.center/tools,"BlancVPN
A reliable VPN for accessing unavailable websites and services. Unlimit",,https://tapps.center/application/blancvpn,https://t.me/FCK_RKN_bot,https://tapps.center/tools
Tools,https://tapps.center/tools,"GeckoVPN
Fast & secure VPN
OPEN",,https://tapps.center/application/geckovpn,https://t.me/gecko_vpn_bot,https://tapps.center/tools
Tools,https://tapps.center/tools,"TeleClaw
AI Agent for Telegram groups & private chats
OPEN",,https://tapps.center/application/teleclaw,https://t.me/teleclaw_tbot,https://tapps.center/tools
Tools,https://tapps.center/tools,"FoodGem
Smart home food and medicine manager
OPEN",,https://tapps.center/application/foodgem,https://t.me/FoodGem_bot,https://tapps.center/tools
Tools,https://tapps.center/tools,"Ton Subdomain Manager
Create and manage .ton subdomains effortlessly! 🚀
OPEN",,https://tapps.center/application/tonsubdomainmanager,https://t.me/ton_subdomain_bot,https://tapps.center/tools
Tools,https://tapps.center/tools,"KYRON
Buybot on TON | Supports: EN & RU
OPEN",,https://tapps.center/application/kyron,https://t.me/KYRONTechBuyBot,https://tapps.center/tools
Tools,https://tapps.center/tools,"claqa
AI agents with their own tokens
OPEN",,https://tapps.center/application/claqa,https://t.me/claqabot,https://tapps.center/tools
Tools,https://tapps.center/tools,"Flow
DNS. Proxy. VPN. All in one.
OPEN",,https://tapps.center/application/flow,https://t.me/floweb_bot,https://tapps.center/tools
Tools,https://tapps.center/tools,"Tiny Shops
Launch your Telegram store
OPEN",,https://tapps.center/application/tinyshops,https://t.me/tinyshopsbot,https://tapps.center/tools
Tools,https://tapps.center/tools,"Luqix AI
Professional AI photo editing studio
OPEN",,https://tapps.center/application/luqixaibot,https://t.me/LuqixAIBot,https://tapps.center/tools
Tools,https://tapps.center/tools,"TStars AI
All top AI models in one chat
OPEN",,https://tapps.center/application/tstarsai,https://t.me/TStarsAIbot,https://tapps.center/tools
Tools,https://tapps.center/tools,"stol & stul
Knock on wood, stay protected
OPEN",,https://tapps.center/application/stolandstul,https://t.me/stolstul_proxy_bot,https://tapps.center/tools
Tools,https://tapps.center/tools,"VenvVPN
One tap to secure your internet
OPEN",,https://tapps.center/application/venvvpn,https://t.me/VenvVPNbot,https://tapps.center/tools
Tools,https://tapps.center/tools,"Dreamforge AI
Free Image Generator. Daily Credits.
OPEN",,https://tapps.center/application/dreamforgeai,https://tapps.center/application/DreamforgeOfficial_bot,https://tapps.center/tools
Tools,https://tapps.center/tools,"TStars VPN
Fast & Secure VPN via Telegram Stars
OPEN",,https://tapps.center/application/tstarsvpn,https://t.me/tstarsvpnbot,https://tapps.center/tools
Tools,https://tapps.center/tools,"ASK PDF AI
AI Telegram bot for PDFs
OPEN",,https://tapps.center/application/askpdfai,https://t.me/askpdfaibot,https://tapps.center/tools
Tools,https://tapps.center/tools,"Stock in the Future
Get daily AI + ML Powered stock signal and insight.
OPEN",,https://tapps.center/application/stockinthefuture,https://t.me/StockInTheFutureBot,https://tapps.center/tools
Tools,https://tapps.center/tools,"Renderis Studio
AI Creative Cloud
OPEN",,https://tapps.center/application/renderisstudio,https://t.me/renderis_bot,https://tapps.center/tools
Tools,https://tapps.center/tools,"PassimX VPN
Ton or USDT payments
OPEN",,https://tapps.center/application/passimxvpn,https://t.me/passimx_vpn_bot,https://tapps.center/tools
Tools,https://tapps.center/tools,"BizoS AI
Create. Share. Earn.
OPEN",,https://tapps.center/application/bizosai,https://t.me/bizosai_bot,https://tapps.center/tools
Tools,https://tapps.center/tools,"Vardian Chatbot
AI Group Moderator
OPEN",,https://tapps.center/application/vardian,https://t.me/vardianbot,https://tapps.center/tools
Tools,https://tapps.center/tools,"RebootAI
AI assistant with GPT-5 and workflow automation in Telegram!
OPEN",,https://tapps.center/application/rebootai,https://t.me/RebootAITelegrambot,https://tapps.center/tools
Tools,https://tapps.center/tools,"LIBERTY | VPN
Digital Freedom Starts with Liberty VPN
OPEN",,https://tapps.center/application/libertyvpn,https://t.me/vpn_liberty_bot,https://tapps.center/tools
Tools,https://tapps.center/tools,"Lead VPN
Unlimited speed secure VPN from $0.04
OPEN",,https://tapps.center/application/leadvpn,https://t.me/leadvpnbot,https://tapps.center/tools
Tools,https://tapps.center/tools,"AI Sticker Factory
Create unique AI sticker packs for Telegram
OPEN",,https://tapps.center/application/aisgaistickergen,https://t.me/marvis_llmbot,https://tapps.center/tools
Tools,https://tapps.center/tools,"Proophy
Order Content Like Food Delivery
OPEN",,https://tapps.center/application/proophy,https://t.me/ProophyBot,https://tapps.center/tools
Tools,https://tapps.center/tools,"intool VPN
A new generation VPN is simple, fast, and secure
OPEN",,https://tapps.center/application/intoolvpn,https://t.me/intoolvpnbot,https://tapps.center/tools
Tools,https://tapps.center/tools,"JustSell
Crypto Native Digital E-Commerce
OPEN",,https://tapps.center/application/justsell,https://t.me/justSell,https://tapps.center/tools
Tools,https://tapps.center/tools,"AIContentCreator
AI Agent Bot — Ask & Create
OPEN",,https://tapps.center/application/aicontentcreator,https://t.me/AIContentCreate_bot,https://tapps.center/tools
Tools,https://tapps.center/tools,"BGpay
Automated Web3 Telegram giveaways
OPEN",,https://tapps.center/application/bgpay,https://t.me/BGpay_canal_bot,https://tapps.center/tools
Tools,https://tapps.center/tools,"Voice Translator AI
Your personal AI voice translator
OPEN",,https://tapps.center/application/voicetranslatorai,https://t.me/my_voice_trans_bot,https://tapps.center/tools
Tools,https://tapps.center/tools,"Ervelus
Turn selfies into cinematic AI art
OPEN",,https://tapps.center/application/ervelus,https://t.me/ervelus_bot,https://tapps.center/tools
Tools,https://tapps.center/tools,"EatOkay
Track calories instantly with AI
OPEN",,https://tapps.center/application/eatokay,https://t.me/EatOkay_bot,https://tapps.center/tools
Tools,https://tapps.center/tools,"monitizee
Monitize anything sendable on telegram
OPEN",,https://tapps.center/application/monitizee,https://t.me/monitizeebot,https://tapps.center/tools
Tools,https://tapps.center/tools,"foodwarz
AI calorie tracker with gamification
OPEN",,https://tapps.center/application/foodwarz,https://t.me/foodwarzbot,https://tapps.center/tools
Tools,https://tapps.center/tools,"Proof Stamp
Cryptographic document & post anchoring on TON
OPEN",,https://tapps.center/application/proofstamp,https://t.me/ProofStampBot,https://tapps.center/tools
Tools,https://tapps.center/tools,"Radio Crypto
24/7 Live Crypto Radio
OPEN",,https://tapps.center/application/radiocrypto,https://t.me/radiocryptobot,https://tapps.center/tools
Tools,https://tapps.center/tools,"AI recording by Vortex
Smart AI meeting secretary
OPEN",,https://tapps.center/application/airecordingbyvortex,https://t.me/Vortex22_bot,https://tapps.center/tools
Tools,https://tapps.center/tools,"Rent-a-Name
Rent premium collectible Telegram usernames
OPEN",,https://tapps.center/application/rentaname,https://t.me/rentanamebot,https://tapps.center/tools
Tools,https://tapps.center/tools,"Subly
Translate any video or document instantly
OPEN",,https://tapps.center/application/subly,https://t.me/subly1bot,https://tapps.center/tools
Tools,https://tapps.center/tools,"Vc (Voice Chat)
This Bot plays music on vc
OPEN",,https://tapps.center/application/voicechat,https://t.me/PlayVcRobot,https://tapps.center/tools
Tools,https://tapps.center/tools,"PromptMe
Turn ideas into perfect AI prompts
OPEN",,https://tapps.center/application/promptme,https://t.me/PromptMeAIBot,https://tapps.center/tools
Tools,https://tapps.center/tools,"busoni
Channel Ad Matching & Escrow
OPEN",,https://tapps.center/application/busoni,https://t.me/busoni_bot,https://tapps.center/tools
Tools,https://tapps.center/tools,"RedoiBot
Resistance toolkit!
OPEN",,https://tapps.center/application/redoibot,https://t.me/RedoiBot,https://tapps.center/tools
Tools,https://tapps.center/tools,"Safu Scanner
Safu CA Scanner
OPEN",,https://tapps.center/application/safuscanner,https://t.me/SafuWalletScanner_bot,https://tapps.center/tools
Tools,https://tapps.center/tools,"Crypto Mean Reversion
Find mean reversion crypto trades
OPEN",,https://tapps.center/application/cryptomeanreversion,https://t.me/meanReversionnbot,https://tapps.center/tools
Tools,https://tapps.center/tools,"Structly
Smart Ai finance tracker
OPEN",,https://tapps.center/application/structly,https://t.me/StructlyBot,https://tapps.center/tools
Tools,https://tapps.center/tools,"ToolProAnalysis
Professional crypto market analysis tool
OPEN",,https://tapps.center/application/toolproanalysis,https://t.me/ToolProAnalysis_Bot,https://tapps.center/tools
Tools,https://tapps.center/tools,"Roast Master
Brutal AI roast for your photos
OPEN",,https://tapps.center/application/roastmaster,https://t.me/RoastGod_bot,https://tapps.center/tools
Tools,https://tapps.center/tools,"Background Remover AI
One tap AI background remover. PNG, JPG, JPEG, WebP
OPEN",,https://tapps.center/application/backgroundremoverai,https://t.me/KoyRemoveBGbot,https://tapps.center/tools
Tools,https://tapps.center/tools,"SupportHub
The Customer Success OS inside Telegram
OPEN",,https://tapps.center/application/supporthub,https://t.me/SupHubAdmin_bot,https://tapps.center/tools
Tools,https://tapps.center/tools,"DocSign
Secure PDF signing and blockchain notarization
OPEN",,https://tapps.center/application/docsign,https://t.me/DocUploadSign_bot,https://tapps.center/tools
Tools,https://tapps.center/tools,"Luvrio
Tasks and forms in Telegram
OPEN",,https://tapps.center/application/luvrio,https://t.me/luvrio_bot,https://tapps.center/tools
Tools,https://tapps.center/tools,"Feelio
Interactive AI chats with unique characters
OPEN",,https://tapps.center/application/feelio,https://t.me/feelio_bot,https://tapps.center/tools
Tools,https://tapps.center/tools,"AI Stylist
Personal AI Style Assistant
OPEN",,https://tapps.center/application/aistylist,https://t.me/ai_stylist_assistant_bot,https://tapps.center/tools
Tools,https://tapps.center/tools,"V ERA POWER
Build VPN business in 2 clicks
OPEN",,https://tapps.center/application/verapower,https://t.me/verapowerbot,https://tapps.center/tools
Tools,https://tapps.center/tools,"Shared event calendar
Simple collaborative planning.
OPEN",,https://tapps.center/application/sharedeventcalendar,https://t.me/SharedEventsCalendar_bot,https://tapps.center/tools
Tools,https://tapps.center/tools,"Max | Indie Page
No-code Mini App builder for creators
OPEN",,https://tapps.center/application/maxindiepage,https://t.me/Max_IndiePage_bot,https://tapps.center/tools
Tools,https://tapps.center/tools,"NeiraMindBot
AI-powered personal growth platform
OPEN",,https://tapps.center/application/neiramindbot,https://t.me/NeiraMindBot,https://tapps.center/tools
Tools,https://tapps.center/tools,"Falcon AI
Restore memories, generate professional photos instantly, etc.
OPEN",,https://tapps.center/application/falconai,https://t.me/FalconAI_ImageBot,https://tapps.center/tools
Tools,https://tapps.center/tools,"SkillBrain
Learn IT with hands-on practice
OPEN",,https://tapps.center/application/skillbrain,https://t.me/skillbrains_bot,https://tapps.center/tools
Tools,https://tapps.center/tools,"Nano Banana Remover
Remove Nano Banana & Gemini AI watermarks instantly
OPEN",,https://tapps.center/application/nanobananaremover,https://t.me/NanoBananaRemoverBot,https://tapps.center/tools
Tools,https://tapps.center/tools,"Collage
AI photo looks in one tap
OPEN",,https://tapps.center/application/collage,https://t.me/collage,https://tapps.center/tools
Tools,https://tapps.center/tools,"monolithary
Boost engagement with XP and ranks
OPEN",,https://tapps.center/application/monolithary,https://t.me/monolithary_bot,https://tapps.center/tools
Tools,https://tapps.center/tools,"WispVPN
Fast and secure VPN in one tap
OPEN",,https://tapps.center/application/wispvpn,https://t.me/wisp_vpn_bot,https://tapps.center/tools
Tools,https://tapps.center/tools,"AI Gateway
One convenient app for 200+ AI Models
OPEN",,https://tapps.center/application/aigateway,https://t.me/llm_gateway_bot,https://tapps.center/tools
Tools,https://tapps.center/tools,"VPN for iOS and Android
Fast and unlimited VPN
OPEN",,https://tapps.center/application/vpneli,https://t.me/vpn_eli_bot,https://tapps.center/tools
Tools,https://tapps.center/tools,"CoinGPTBot
Your AI-Powered Crypto Trading Edge
OPEN",,https://tapps.center/application/coingptbot,https://t.me/coinGPTbot,https://tapps.center/tools
Tools,https://tapps.center/tools,"LuckyStar
The easiest way to host fair giveaways and pick winners
OPEN",,https://tapps.center/application/luckystar,https://t.me/MyLuckyStar8_Bot,https://tapps.center/tools
Tools,https://tapps.center/tools,"Settler
Track&Settle expenses instantly via TON!
OPEN",,https://tapps.center/application/settler,https://t.me/settlerx_bot,https://tapps.center/tools
Tools,https://tapps.center/tools,"Bot Stock Market
Trading signals in US stock market with daily updates.
OPEN",,https://tapps.center/application/botstockmarket,https://t.me/botstockmarket_bot,https://tapps.center/tools
Tools,https://tapps.center/tools,"GhostAudit
FREE AUDIT TOOLS
OPEN",,https://tapps.center/application/ghostaudit,https://t.me/GhostAuditBot,https://tapps.center/tools
Tools,https://tapps.center/tools,"LuxVPN
Buy VPN with Stars
OPEN",,https://tapps.center/application/luxvpn,https://t.me/TheLuxVPN_Bot,https://tapps.center/tools
Tools,https://tapps.center/tools,"Vanity Ton
Generate Custom TON addresses & deploy tokens
OPEN",,https://tapps.center/application/vanityton,https://t.me/Earnigram_Vanity_Ton_Bot,https://tapps.center/tools
Tools,https://tapps.center/tools,"Osint.tg
enhanced privacy, anonymity, and security with its advanced infrastruct",,https://tapps.center/application/osinttg,https://t.me/osinttgwwbot,https://tapps.center/tools
Tools,https://tapps.center/tools,"OWERLY
Split bills and track your daily expenses easily
OPEN",,https://tapps.center/application/owerly,https://t.me/OwerlyBot,https://tapps.center/tools
Tools,https://tapps.center/tools,"Gift Charts
NFT Gifts Hourly Price Updates
OPEN",,https://tapps.center/application/giftcharts,https://t.me/gift_charts_bot,https://tapps.center/tools
Tools,https://tapps.center/tools,"Trends Photo
Trend Photo — turn your photos into trendy AI images
OPEN",,https://tapps.center/application/trendsphoto,https://t.me/trend_photo_bot,https://tapps.center/tools
Tools,https://tapps.center/tools,"MoonshotAlpha Agency
The Intelligence Terminal
OPEN",,https://tapps.center/application/moonshotalerts,https://t.me/MoonshotAlphaBot,https://tapps.center/tools
Tools,https://tapps.center/tools,"BotPapa
No-code mini app builder inside Telegram
OPEN",,https://tapps.center/application/botpapa,https://t.me/botpapa_bot,https://tapps.center/tools
Tools,https://tapps.center/tools,"Statera
Crypto Bot & AI assistant for traders
OPEN",,https://tapps.center/application/statera,https://t.me/statera_crypto_bot,https://tapps.center/tools
Tools,https://tapps.center/tools,"Eye Of Raven
Do they delete or twist messages often?
OPEN",,https://tapps.center/application/eyeofraven,https://t.me/dialog_guard_bot,https://tapps.center/tools
Tools,https://tapps.center/tools,"Zensai
Real-time AI Voice Coaching
OPEN",,https://tapps.center/application/zensai,https://t.me/Zensai_bot,https://tapps.center/tools
Tools,https://tapps.center/tools,"TONWishy | Turn wishes into TON
TON wishlists and donations
OPEN",,https://tapps.center/application/tonwishy,https://t.me/tonwishybot,https://tapps.center/tools
Tools,https://tapps.center/tools,"Vortex Crypto Signals
Real-time BUY & SELL signals
OPEN",,https://tapps.center/application/vortexcryptosignals,https://t.me/buwbvuibbot,https://tapps.center/tools
Tools,https://tapps.center/tools,"LinkSea
Telegram Group Monetization & Management Tool
OPEN",,https://tapps.center/application/linksea,https://t.me/LinkSeaBot,https://tapps.center/tools
Tools,https://tapps.center/tools,"Stars Teleport
Teleport stars to your Telegram bot
OPEN",,https://tapps.center/application/starsteleport,https://t.me/StarsTeleportBot,https://tapps.center/tools
Tools,https://tapps.center/tools,"Ghost Shell
Deploy anything in minutes
OPEN",,https://tapps.center/application/ghostshell,https://t.me/Ghost_Shell_deploy_bot,https://tapps.center/tools
Tools,https://tapps.center/tools,"StockFrame
Your Stock Research Co-Pilot
OPEN",,https://tapps.center/application/stockframe,https://t.me/stockframe_bot,https://tapps.center/tools
Tools,https://tapps.center/tools,"Telegosekretar
Smart calendar and meeting assistant
OPEN",,https://tapps.center/application/telegosekretar,https://t.me/tryin_new_things_bot,https://tapps.center/tools
Tools,https://tapps.center/tools,"Chat Groups AI
Chat, flirt & create - AI that makes pictures, videos, music
OPEN",,https://tapps.center/application/chatgroupsai,https://t.me/chatgroupsai_bot,https://tapps.center/tools
Tools,https://tapps.center/tools,"VoiceNXT
Voice to Text. Video to Summary. Image to Calendar.
OPEN",,https://tapps.center/application/voicenxt,https://t.me/voicenxt_bot,https://tapps.center/tools
Tools,https://tapps.center/tools,"GetTON — Generate TON Wallets
TON Vanity Address Generator
OPEN",,https://tapps.center/application/getton,https://t.me/gettonapp_bot,https://tapps.center/tools
Tools,https://tapps.center/tools,"Robot VPN
Fast VPN
OPEN",,https://tapps.center/application/robotvpn,https://t.me/secure_robot_vpn_bot,https://tapps.center/tools
Tools,https://tapps.center/tools,"VPN Express
7 days free trial
OPEN",,https://tapps.center/application/vpnexpress,https://t.me/vpn_polymorph_bot,https://tapps.center/tools
Tools,https://tapps.center/tools,"Fiddl.art
Create Discover and Earn with AI Images and Videos
OPEN",,https://tapps.center/application/fiddlart,https://t.me/fiddlartbot,https://tapps.center/tools
Tools,https://tapps.center/tools,"Preseller
Launch presale your jetton
OPEN",,https://tapps.center/application/preseller,https://t.me/tonpreseller_bot,https://tapps.center/tools
Tools,https://tapps.center/tools,"ITO
P2P escrow for channels and ads!
OPEN",,https://tapps.center/application/ito,https://t.me/ITOHubBot,https://tapps.center/tools
Tools,https://tapps.center/tools,"Sticky
AI-sticker generator
OPEN",,https://tapps.center/application/sticky,https://t.me/sticky_robot,https://tapps.center/tools
Tools,https://tapps.center/tools,"RebootMe
Stop managing tasks. Start designing your life.
OPEN",,https://tapps.center/application/rebootme,https://t.me/reboot_me_bot,https://tapps.center/tools
Tools,https://tapps.center/tools,"Swap
Face Swap Bot, Generate AI images
OPEN",,https://tapps.center/application/swap,https://t.me/MyFreeHassan_bot,https://tapps.center/tools
Tools,https://tapps.center/tools,"Course Center
Create and manage courses in one click via Telegram
OPEN",,https://tapps.center/application/coursecenter,https://t.me/CourseCenter_bot,https://tapps.center/tools
Tools,https://tapps.center/tools,"ChainSpill
Stay informed with crypto trends and insights
OPEN",,https://tapps.center/application/chainspill,https://t.me/chain_spill_bot,https://tapps.center/tools
Tools,https://tapps.center/tools,"TON Pay
Modern tools for accepting, processing, and optimizing payments with TON",,https://tapps.center/application/tondevtools,https://t.me/MJK_Dev_BOT,https://tapps.center/tools
Tools,https://tapps.center/tools,"StickYoFace
Turn yourself into memes
OPEN",,https://tapps.center/application/stickyoface,https://t.me/stickyoface_bot,https://tapps.center/tools
Tools,https://tapps.center/tools,"Stars Connect VPN
Too Fast. Too Unlimited. Too Safe. Free test.
OPEN",,https://tapps.center/application/starsconnectvpn,https://t.me/StarsCon_bot,https://tapps.center/tools
Tools,https://tapps.center/tools,"Sentio
Personal AI coach for communication and dating
OPEN",,https://tapps.center/application/sentio,https://t.me/sentioapp_en_bot,https://tapps.center/tools
Tools,https://tapps.center/tools,"TrendyAI
AI Photo Editor: Selfie to Avatar & Background Remover
OPEN",,https://tapps.center/application/trendyai,https://t.me/trendyai_bot,https://tapps.center/tools
Tools,https://tapps.center/tools,"Traffic Exchange Robot
Grow your channel's audience using content exchange
OPEN",,https://tapps.center/application/trafficexchangerobot,https://t.me/tyrex_robot,https://tapps.center/tools
Tools,https://tapps.center/tools,"Tonmarketcap
Discover TON ecosystem
OPEN",,https://tapps.center/application/tonmarketcap,https://t.me/ton_market_cap_bot,https://tapps.center/tools
Tools,https://tapps.center/tools,"LitCards - Learn Lithuanian
Learn Lithuanian with interactive flashcards!
OPEN",,https://tapps.center/application/litcards,https://t.me/litcards_bot,https://tapps.center/tools
Tools,https://tapps.center/tools,"Veyro
Survey platform for Telegram
OPEN",,https://tapps.center/application/veyro,https://t.me/veyro_bot,https://tapps.center/tools
Tools,https://tapps.center/tools,"Crypto Alert
Instant Crypto Price Alerts
OPEN",,https://tapps.center/application/cryptoalert,https://t.me/CryptoAIertBot,https://tapps.center/tools
Tools,https://tapps.center/tools,"Elsa
AI-Manager for Groups
OPEN",,https://tapps.center/application/elsa,https://t.me/ElsaTgBot,https://tapps.center/tools
Tools,https://tapps.center/tools,"HashWin
Launch your safe giveaway
OPEN",,https://tapps.center/application/hashwin,https://t.me/HashWinBot,https://tapps.center/tools
Tools,https://tapps.center/tools,"Agent
Your Telegram Channel Moderator Assistant
OPEN",,https://tapps.center/application/agent,https://t.me/ChannelAgent_bot,https://tapps.center/tools
Tools,https://tapps.center/tools,"Readol
Telegram channel voice-over by AI!
OPEN",,https://tapps.center/application/readol,https://t.me/ReadolBot,https://tapps.center/tools
Tools,https://tapps.center/tools,"Pixori AI
Free AI-Powered Art Maker
OPEN",,https://tapps.center/application/pixoriai,https://t.me/pixoribot,https://tapps.center/tools
Tools,https://tapps.center/tools,"Privaton VPN
Fast VPN: Vless+Reality, Shadowsocks
OPEN",,https://tapps.center/application/privaton,https://t.me/privaton_vpn_bot,https://tapps.center/tools
Tools,https://tapps.center/tools,"JoyTwist AI Greeting Cards
Generate a unique greeting card!
OPEN",,https://tapps.center/application/joytwistpostcard,https://t.me/joytwist_postcard_bot,https://tapps.center/tools
Tools,https://tapps.center/tools,"ChatGPT AI
ChatGPT for Telegram
OPEN",,https://tapps.center/application/chatgptai,https://t.me/chatgpt24_ai_bot,https://tapps.center/tools
Tools,https://tapps.center/tools,"Demand VPN
Private VPN. Pay on Demand
OPEN",,https://tapps.center/application/demandvpn,https://t.me/DemandVPNBot,https://tapps.center/tools
Tools,https://tapps.center/tools,"DeviumVPN
Buy VPN with DeviumCoin
OPEN",,https://tapps.center/application/deviumvpn,https://t.me/DeviumvpnBot,https://tapps.center/tools
Tools,https://tapps.center/tools,"Superior
Customer Support Bot
OPEN",,https://tapps.center/application/superior,https://t.me/SuperiorMainBot,https://tapps.center/tools
Tools,https://tapps.center/tools,"PlusOne VPN
Get your own unlimited VPN
OPEN",,https://tapps.center/application/plusone,https://t.me/plusone_vpn_bot,https://tapps.center/tools
Tools,https://tapps.center/tools,"Gemini
Your Smart Chat Companion and AI Assistant
OPEN",,https://tapps.center/application/gemini,https://t.me/Gemini_lite_bot,https://tapps.center/tools
Tools,https://tapps.center/tools,"Timepong
Easy bookings for your events and services!
OPEN",,https://tapps.center/application/timepong,https://t.me/timepongmasterbot,https://tapps.center/tools
Tools,https://tapps.center/tools,"SpyBot
View Instagram stories anonymously
OPEN",,https://tapps.center/application/spybot,https://t.me/AppSpyBot,https://tapps.center/tools
Tools,https://tapps.center/tools,"Earnigram
Earn in 10+ ways on Telegram with Earnigram
OPEN",,https://tapps.center/application/earnigram,https://t.me/Earnigram_Bot,https://tapps.center/tools
Tools,https://tapps.center/tools,"Free Online AI
AI chat bot with image generation
OPEN",,https://tapps.center/application/freeonlineai,https://t.me/free_chatgpt_midjourney_bot,https://tapps.center/tools
Tools,https://tapps.center/tools,"uPlan
Task manager built-in Telegram
OPEN",,https://tapps.center/application/uplan,https://t.me/u_plan_bot,https://tapps.center/tools
Tools,https://tapps.center/tools,"Sellmate
Create your own store in a few clicks
OPEN",,https://tapps.center/application/sellmate,https://t.me/sellmatebot,https://tapps.center/tools
Tools,https://tapps.center/tools,"Tribe
Token-gated Telegram communities
OPEN",,https://tapps.center/application/tribe,https://t.me/TribeCommunityBot,https://tapps.center/tools
Tools,https://tapps.center/tools,"ChatGPT Free & DeepSeek
Popular neural network models in Telegram
OPEN",,https://tapps.center/application/gigasensebot,https://t.me/GigaSenseBot,https://tapps.center/tools
Tools,https://tapps.center/tools,"Birthday Reminder
Your friendly Birthday Reminder
OPEN",,https://tapps.center/application/birthdayreminder,https://t.me/NoticeBirthdayBot,https://tapps.center/tools
Tools,https://tapps.center/tools,"Quinn Dev
From idea to mini app in seconds
OPEN",,https://tapps.center/application/quinndev,https://t.me/QuinnDevBot,https://tapps.center/tools
Tools,https://tapps.center/tools,"Splitopia
Fair bill splitting made easy
OPEN",,https://tapps.center/application/splitopia,https://t.me/SplitopiaBot,https://tapps.center/tools
Tools,https://tapps.center/tools,"Chat GPT, DEEPSEEK, OpenAI
AI tools
OPEN",,https://tapps.center/application/llm_helpers_bot,https://t.me/llm_helpers_bot,https://tapps.center/tools
Tools,https://tapps.center/tools,"VPNEZID
Fast and secure, keeping it brief
OPEN",,https://tapps.center/application/vpnezid,https://t.me/vpnezid_bot,https://tapps.center/tools
Tools,https://tapps.center/tools,"Starfall
Unlimited refs for your favourite apps
OPEN",,https://tapps.center/application/starfall,https://t.me/StarfallAppBot,https://tapps.center/tools
Tools,https://tapps.center/tools,"Arkham
Track The Chain. Trade The Chain.
OPEN",,https://tapps.center/application/arkham,https://t.me/arkham_official_bot,https://tapps.center/tools
Tools,https://tapps.center/tools,"Ton X Task
Earn $TON completing simple online tasks
OPEN",,https://tapps.center/application/tonxtask,https://t.me/TonXTaskBot,https://tapps.center/tools
Tools,https://tapps.center/tools,"ZenTrade
Prevents Bybit overtrading!
OPEN",,https://tapps.center/application/zentrade,https://t.me/tradewithzen_bot,https://tapps.center/tools
Tools,https://tapps.center/tools,"Feedback Bots Manager
Create and manage feedback bots in Telegram
OPEN",,https://tapps.center/application/feedbackbotsmanager,https://t.me/FeedbackBotsManagerBot,https://tapps.center/tools
Tools,https://tapps.center/tools,"Lermontov VPN
Fast, secure VPN to unblock content and protect privacy
OPEN",,https://tapps.center/application/lermontovvpn,https://t.me/Lermontov_VPN_Bot,https://tapps.center/tools
Tools,https://tapps.center/tools,"SteosVoice
Voice acting and song generation are available to everyone
OPEN",,https://tapps.center/application/steosvoice,https://t.me/steosvoice_bot,https://tapps.center/tools
Tools,https://tapps.center/tools,"GPT & AI Images by extensi.one
No ads, no restrictions, free GPT!
OPEN",,https://tapps.center/application/gptandaiimages,https://t.me/chatgpt_extensione_bot,https://tapps.center/tools
Tools,https://tapps.center/tools,"TON DNS X
Simplified domain management
OPEN",,https://tapps.center/application/tondnsx,https://t.me/tondnsx_bot,https://tapps.center/tools
Tools,https://tapps.center/tools,"Media Compressor
Compress any video
OPEN",,https://tapps.center/application/mediacompressor,https://t.me/mediaEasyBot,https://tapps.center/tools
Tools,https://tapps.center/tools,"Billie
Expense Agent
OPEN",,https://tapps.center/application/billie,https://t.me/BillieExpenseBot,https://tapps.center/tools
Tools,https://tapps.center/tools,"Echo Vault
Secure store for all your messages, even from deleted chats
OPEN",,https://tapps.center/application/echovault,https://t.me/EchoVaultBot,https://tapps.center/tools
Tools,https://tapps.center/tools,"TON Ads
Web3 advertising network based on TON connect and TON blockchain
OPEN",,https://tapps.center/application/tonads,https://t.me/ton_ads_app_bot,https://tapps.center/tools
Tools,https://tapps.center/tools,"Doyu
Track every expense, get instant AI-powered insights, and earn coins
OPEN",,https://tapps.center/application/doyu,https://t.me/Doyuapp_bot,https://tapps.center/tools
Tools,https://tapps.center/tools,"Vendorz
Launch your own store on Telegram
OPEN",,https://tapps.center/application/vendorz,https://t.me/Vendorzbot,https://tapps.center/tools
Tools,https://tapps.center/tools,"Forex Economic Calendar TFLab
Forex & Stock Economic Calendar
OPEN",,https://tapps.center/application/forexeconomiccalendartflab,https://t.me/Economic_Calendar_TFbot,https://tapps.center/tools
Tools,https://tapps.center/tools,"TV WebHook TFLab
TradingView to Telegram
OPEN",,https://tapps.center/application/tvwebhooktflab,https://t.me/tfwebhook_bot,https://tapps.center/tools
Tools,https://tapps.center/tools,"Subscribe
Monetize your channel subscriptions
OPEN",,https://tapps.center/application/subscribe,https://t.me/subscribe_app_bot,https://tapps.center/tools
Tools,https://tapps.center/tools,"Crypto Watch TFLab
Crypto Market Alerts
OPEN",,https://tapps.center/application/cryptowatchtflab,https://t.me/crypto_watch_tfbot,https://tapps.center/tools
Tools,https://tapps.center/tools,"Nutrition Aid Bot
Simple calorie/macro tracking via text and photo
OPEN",,https://tapps.center/application/nutritionaidbot,https://t.me/NutritionAidBot,https://tapps.center/tools
Tools,https://tapps.center/tools,"Balance It
Rebalance assets with one tap. Stay on track, stress-free.
OPEN",,https://tapps.center/application/balanceit,https://t.me/balance_it_bot,https://tapps.center/tools
Tools,https://tapps.center/tools,"Finflow
Your smart personal finance tracker
OPEN",,https://tapps.center/application/finflow,https://t.me/finflo_bot,https://tapps.center/tools
Tools,https://tapps.center/tools,"ChatGPT, Flux, DALL-E, DeepSeek | neurus.ai
Your AI toolset
OPEN",,https://tapps.center/application/neirohubaibot,https://t.me/neirohub_ai_bot,https://tapps.center/tools
Tools,https://tapps.center/tools,"PipCore
Keep track of your trades
OPEN",,https://tapps.center/application/pipcore,https://t.me/pipcorebot,https://tapps.center/tools
Tools,https://tapps.center/tools,"Ask File
Your document assistant. Send files, ask questions
OPEN",,https://tapps.center/application/askfile,https://t.me/AskFileAIBot,https://tapps.center/tools
Tools,https://tapps.center/tools,"Doyoula
15-second photoshoots! Upload photos and get portrait designs!
OPEN",,https://tapps.center/application/doyoula,https://t.me/Doyoulabot,https://tapps.center/tools
Tools,https://tapps.center/tools,"Talery
Create custom bedtime stories for your children with AI!
OPEN",,https://tapps.center/application/talery,https://t.me/CustomBedtimeStoriesBot,https://tapps.center/tools
Play to Earn,https://tapps.center/playtoearn,"Notcoin
Editors' Choice
Probably nothing.
OPEN",,https://tapps.center/application/notcoin,https://t.me/notcoin_bot,https://tapps.center/playtoearn
Play to Earn,https://tapps.center/playtoearn,"Hamster Kombat
Do you wanna be a hamster CEO?
OPEN",,https://tapps.center/application/hamsterkombat,https://t.me/hamster_kombat_bot,https://tapps.center/playtoearn
Play to Earn,https://tapps.center/playtoearn,"Major
Editors' Choice
First rating game in Telegram.
OPEN",,https://tapps.center/application/major,https://t.me/major,https://tapps.center/playtoearn
Play to Earn,https://tapps.center/playtoearn,"GAMEE
Instant games, real rewards, millions of players
OPEN",,https://tapps.center/application/gamee,https://t.me/gamee,https://tapps.center/playtoearn
Play to Earn,https://tapps.center/playtoearn,"TapSwap
Tap on the coin and see your balance rise.
OPEN",,https://tapps.center/application/tapswap,https://t.me/tapswap_bot,https://tapps.center/playtoearn
Play to Earn,https://tapps.center/playtoearn,"TON Breach
NEW
Power your slot. Earn TON.
OPEN",,https://tapps.center/application/tonbreach,https://t.me/tonbreachbot,https://tapps.center/playtoearn
Play to Earn,https://tapps.center/playtoearn,"CRYPTON Rig
NEW
An app where you build your own crypto empire
OPEN",,https://tapps.center/application/cryptonrig,https://t.me/cryptonrig_bot,https://tapps.center/playtoearn
Play to Earn,https://tapps.center/playtoearn,"The Factory Age
NEW
Factory Simulator idle game
OPEN",,https://tapps.center/application/thefactoryage,https://t.me/thefactoryage_bot,https://tapps.center/playtoearn
Play to Earn,https://tapps.center/playtoearn,"Walletopia
Play, Win & Earn REAL Money!
OPEN",,https://tapps.center/application/walletopia,https://t.me/Walletopia_bot,https://tapps.center/playtoearn
Play to Earn,https://tapps.center/playtoearn,"Game Parsec
Build your galactic empire
OPEN",,https://tapps.center/application/gameparsec,https://t.me/GameParsecBot,https://tapps.center/playtoearn
Play to Earn,https://tapps.center/playtoearn,"Zappy
Tap-to-earn on TON
OPEN",,https://tapps.center/application/zappy,https://t.me/zappy_game_bot,https://tapps.center/playtoearn
Play to Earn,https://tapps.center/playtoearn,"Quantum Bit
21 Millions $QBit Miner
OPEN",,https://tapps.center/application/quantumbit,https://t.me/QBiTminer_bot,https://tapps.center/playtoearn
Play to Earn,https://tapps.center/playtoearn,"Vision Makers AI Hub
Play, Craft, Trade on P2P!
OPEN",,https://tapps.center/application/visionmakersaihub,https://t.me/AITech_Agents_bot,https://tapps.center/playtoearn
Play to Earn,https://tapps.center/playtoearn,"LuneXGame
Tap the Moon and earn TON
OPEN",,https://tapps.center/application/lunexgame,https://t.me/LuneXGameBot,https://tapps.center/playtoearn
Play to Earn,https://tapps.center/playtoearn,"Forge
Forge mining made simple
OPEN",,https://tapps.center/application/forge,https://t.me/Forgeminebot,https://tapps.center/playtoearn
Play to Earn,https://tapps.center/playtoearn,"Clawmania
Clawmania — Mine TOKEN, open mystery boxes
OPEN",,https://tapps.center/application/clawmania,https://t.me/Clawmania_airbot,https://tapps.center/playtoearn
Play to Earn,https://tapps.center/playtoearn,"Nation 2029
It's time for a new system
OPEN",,https://tapps.center/application/nation2029,https://t.me/Nation29Bot,https://tapps.center/playtoearn
Play to Earn,https://tapps.center/playtoearn,"Labrat
Cheese farming mini game
OPEN",,https://tapps.center/application/labrat,https://t.me/Labrat1bot,https://tapps.center/playtoearn
Play to Earn,https://tapps.center/playtoearn,"LuneX
Tap the Moon and earn TON
OPEN",,https://tapps.center/application/lunex,https://t.me/LuneXRoverBot,https://tapps.center/playtoearn
Play to Earn,https://tapps.center/playtoearn,"Heroes Legends
Tap to win in epic RPG: defeat bosses, level, 1v1 battles go
OPEN",,https://tapps.center/application/heroeslegends,https://t.me/Heroeslegends_bot,https://tapps.center/playtoearn
Play to Earn,https://tapps.center/playtoearn,"NIGHT CLUB
Play2Earn finished, Party2Earn Just started!
OPEN",,https://tapps.center/application/nightclub,https://t.me/tonightclubbot,https://tapps.center/playtoearn
Play to Earn,https://tapps.center/playtoearn,"WallBreaker
Earn rewards in TON
OPEN",,https://tapps.center/application/wallbreaker,https://t.me/BypassWallBot,https://tapps.center/playtoearn
Play to Earn,https://tapps.center/playtoearn,"Earnigram Fantasy
pick tokens, climb leaderboards, and earn rewards
OPEN",,https://tapps.center/application/earnigramfantasy,https://t.me/earnigram_fantasy_bot,https://tapps.center/playtoearn
Play to Earn,https://tapps.center/playtoearn,"CryptoCow
Answer surveys and earn USDT
OPEN",,https://tapps.center/application/cryptocow,https://t.me/CryptoCowbot,https://tapps.center/playtoearn
Play to Earn,https://tapps.center/playtoearn,"Doge Quest
Web3 MMORPG with USDT rewards
OPEN",,https://tapps.center/application/dogequest,https://t.me/dogemmorpgbot,https://tapps.center/playtoearn
Play to Earn,https://tapps.center/playtoearn,"Nymb
Where Time Lives
OPEN",,https://tapps.center/application/nymb,https://t.me/nymb_twa_bot,https://tapps.center/playtoearn
Play to Earn,https://tapps.center/playtoearn,"Lucky Train
Ride the train. Earn rewards.
OPEN",,https://tapps.center/application/luckytrain,https://t.me/LuckyTrainBot,https://tapps.center/playtoearn
Play to Earn,https://tapps.center/playtoearn,"JOKR
Play, earn & repeat
OPEN",,https://tapps.center/application/jokr,https://t.me/JokInTheBox_bot,https://tapps.center/playtoearn
Play to Earn,https://tapps.center/playtoearn,"AceBeTrading
Earn money watching ads
OPEN",,https://tapps.center/application/acebetrading,https://t.me/Acebetradingbot,https://tapps.center/playtoearn
Play to Earn,https://tapps.center/playtoearn,"TON Claw
TON Claw — Mine $CLAW!
OPEN",,https://tapps.center/application/tonclaw,https://t.me/Openclaw_tonbot,https://tapps.center/playtoearn
Play to Earn,https://tapps.center/playtoearn,"Orbo
an idle game about rocks and weird creatures
OPEN",,https://tapps.center/application/orbo,https://t.me/orbo_portal_bot,https://tapps.center/playtoearn
Play to Earn,https://tapps.center/playtoearn,"USDT Cloud Miner
USDT Cloud Miner
OPEN",,https://tapps.center/application/usdtcloudminer,https://t.me/USDTcloudminer_bot,https://tapps.center/playtoearn
Play to Earn,https://tapps.center/playtoearn,"MeeNee Vix
Race on crypto volatility
OPEN",,https://tapps.center/application/meeneevix,https://t.me/MeeNeeAppBot,https://tapps.center/playtoearn
Play to Earn,https://tapps.center/playtoearn,"Viking's Forge
On-chain Viking strategy game
OPEN",,https://tapps.center/application/vikingsforge,https://t.me/vikings_forge_bot,https://tapps.center/playtoearn
Play to Earn,https://tapps.center/playtoearn,"Gift Club
Casual collectible game
OPEN",,https://tapps.center/application/giftclub,https://t.me/YourGiftClubBot,https://tapps.center/playtoearn
Play to Earn,https://tapps.center/playtoearn,"Boxcoin
PVP game with cashout
OPEN",,https://tapps.center/application/boxcoin,https://t.me/boxcoingame_bot,https://tapps.center/playtoearn
Play to Earn,https://tapps.center/playtoearn,"Rivyu Protocol Official
Mine, Stake & Earn Rewards in Rivyu
OPEN",,https://tapps.center/application/rivyu,https://t.me/Rivyuofficialbot,https://tapps.center/playtoearn
Play to Earn,https://tapps.center/playtoearn,"Cookiez
Collect pets, feed them and win Telegram Gifts!
OPEN",,https://tapps.center/application/cookiez,https://t.me/CookiezGame_bot,https://tapps.center/playtoearn
Play to Earn,https://tapps.center/playtoearn,"Vice City Frog
Build your Vice City crypto empire The GTA 6 Countdown Game
OPEN",,https://tapps.center/application/vicecityfrog,https://t.me/AetherFrogViceCityBot,https://tapps.center/playtoearn
Play to Earn,https://tapps.center/playtoearn,"SCRAP.OS
Mine points and earn TON rewards
OPEN",,https://tapps.center/application/scrapos,https://t.me/scrap_os_bot,https://tapps.center/playtoearn
Play to Earn,https://tapps.center/playtoearn,"Toant
The Future of Crypto Earning
OPEN",,https://tapps.center/application/toant,https://t.me/Toantofficial_bot,https://tapps.center/playtoearn
Play to Earn,https://tapps.center/playtoearn,"TMS Star Miner: Click & Earn
Mine stars and build your base
OPEN",,https://tapps.center/application/tmsstarminerclickandearn,https://t.me/TMS_StarMiner_bot,https://tapps.center/playtoearn
Play to Earn,https://tapps.center/playtoearn,"Lucky Day
Play mini-games, compete in Arena, claim reward!
OPEN",,https://tapps.center/application/luckyday,https://t.me/your_lucky_day_bot,https://tapps.center/playtoearn
Play to Earn,https://tapps.center/playtoearn,"Free rewards
Get free rewards now!
OPEN",,https://tapps.center/application/tasktoearn,https://t.me/ton_point_bot,https://tapps.center/playtoearn
Play to Earn,https://tapps.center/playtoearn,"PRESSURE
Win friends in PvP tap duels
OPEN",,https://tapps.center/application/pressure,https://t.me/pressureApp_bot,https://tapps.center/playtoearn
Play to Earn,https://tapps.center/playtoearn,"Whale Syndicate
Mine crypto. Make bad decisions.
OPEN",,https://tapps.center/application/whalesyndicate,https://t.me/WhaleSyndicate_Bot,https://tapps.center/playtoearn
Play to Earn,https://tapps.center/playtoearn,"SkinBits
Tap and earn free items in games
OPEN",,https://tapps.center/application/skinbits,https://t.me/skinbits_bot,https://tapps.center/playtoearn
Play to Earn,https://tapps.center/playtoearn,"The Clean Network
Mine build and fight rivals
OPEN",,https://tapps.center/application/thecleannetwork,https://t.me/TheCleanNetworkAppBot,https://tapps.center/playtoearn
Play to Earn,https://tapps.center/playtoearn,"Villa Builder
Tap, Build, Grow Your Villa
OPEN",,https://tapps.center/application/villabuilder,https://t.me/villabuilder_bot,https://tapps.center/playtoearn
Play to Earn,https://tapps.center/playtoearn,"MinterJet
Fly, complete tasks, collect NFTs, and earn!
OPEN",,https://tapps.center/application/minterjet,https://t.me/MinterJet_bot,https://tapps.center/playtoearn
Play to Earn,https://tapps.center/playtoearn,"Escape Coin
Exciting endless runner game with upgrades
OPEN",,https://tapps.center/application/escapecoin,https://t.me/escapecoinbot,https://tapps.center/playtoearn
Play to Earn,https://tapps.center/playtoearn,"GameECOS
Build your Bitcoin Mining Hub, compete, and access real BTC!
OPEN",,https://tapps.center/application/gameecos,https://t.me/ECOSMiningGamebot,https://tapps.center/playtoearn
Play to Earn,https://tapps.center/playtoearn,"TraderLegends
Collect, Trade, Become a Legend!
OPEN",,https://tapps.center/application/traderlegends,https://t.me/TraderLegendsBot,https://tapps.center/playtoearn
Play to Earn,https://tapps.center/playtoearn,"3 Body Problem
Survive the three-sun apocalypse
OPEN",,https://tapps.center/application/3bodyproblem,https://t.me/TBodyProblemBot,https://tapps.center/playtoearn
Play to Earn,https://tapps.center/playtoearn,"NMC treasure
Fun Game With Collectibles
OPEN",,https://tapps.center/application/nmctreasure,https://t.me/nmcgamebot,https://tapps.center/playtoearn
Play to Earn,https://tapps.center/playtoearn,"NUTTY
Earn rewards. Grow your audience.
OPEN",,https://tapps.center/application/nutty,https://t.me/NuttyAppBot,https://tapps.center/playtoearn
Play to Earn,https://tapps.center/playtoearn,"QuadRoyal
Match patterns & win real TON prizes
OPEN",,https://tapps.center/application/quadroyal,https://t.me/QuadRoyalBot,https://tapps.center/playtoearn
Play to Earn,https://tapps.center/playtoearn,"BitBullz Evolution
Evolve & Rule The Valley
OPEN",,https://tapps.center/application/bitbullzevolution,https://t.me/BitBullz_Evolution_bot,https://tapps.center/playtoearn
Play to Earn,https://tapps.center/playtoearn,"Gorilla Case
Win your NFT gift!
OPEN",,https://tapps.center/application/gorillacase,https://t.me/GorillaCaseBot,https://tapps.center/playtoearn
Play to Earn,https://tapps.center/playtoearn,"ByteLords
Virtual Mining Server
OPEN",,https://tapps.center/application/bytelords,https://t.me/ByteLords_bot,https://tapps.center/playtoearn
Play to Earn,https://tapps.center/playtoearn,"W-World
GameFi platform on TON network
OPEN",,https://tapps.center/application/wworld,https://t.me/wworldland_bot,https://tapps.center/playtoearn
Play to Earn,https://tapps.center/playtoearn,"Lucky Knight
Kill monsters and earn INCREDIBLE treasures!
OPEN",,https://tapps.center/application/luckyknight,https://t.me/LuckyKnightBot,https://tapps.center/playtoearn
Play to Earn,https://tapps.center/playtoearn,"VIRUS
Start to earn
OPEN",,https://tapps.center/application/virus,https://t.me/virus_play_bot,https://tapps.center/playtoearn
Play to Earn,https://tapps.center/playtoearn,"Cookie Cracker P2E
Crack fortune cookies. Everyone wins.
OPEN",,https://tapps.center/application/cookiecrackerp2e,https://t.me/a_fortune_cookie_bot,https://tapps.center/playtoearn
Play to Earn,https://tapps.center/playtoearn,"Cashbox
Earn RaCoins, Farm Land, and Awaken Beasts
OPEN",,https://tapps.center/application/cashboxgamebot,https://t.me/CashboxGameBot,https://tapps.center/playtoearn
Play to Earn,https://tapps.center/playtoearn,"Spooky Soiree
A Haunting Fusion Linking Crypto & Mystery
OPEN",,https://tapps.center/application/spookysoiree,https://t.me/SpookySoireeBot,https://tapps.center/playtoearn
Play to Earn,https://tapps.center/playtoearn,"HASH2CASH
Сloud Mining backed by RWA
OPEN",,https://tapps.center/application/hash2cash,https://t.me/h2cio_bot,https://tapps.center/playtoearn
Play to Earn,https://tapps.center/playtoearn,"TotalMarket
Buy, build, sell and earn #wTH token and USDT!
OPEN",,https://tapps.center/application/totalmarket,https://t.me/totalhashmarketbot,https://tapps.center/playtoearn
Play to Earn,https://tapps.center/playtoearn,"Predicton
Monetize your predictions
OPEN",,https://tapps.center/application/predicton,https://t.me/predicton_tbot,https://tapps.center/playtoearn
Play to Earn,https://tapps.center/playtoearn,"SERA Mission Control
A space agency for everyone
OPEN",,https://tapps.center/application/seramissioncontrol,https://t.me/sera_mission_control_bot,https://tapps.center/playtoearn
Play to Earn,https://tapps.center/playtoearn,"Puppizen
Play mini games, complete quests and earn rewards
OPEN",,https://tapps.center/application/puppizen,https://t.me/PuppizenBot,https://tapps.center/playtoearn
Play to Earn,https://tapps.center/playtoearn,"GiftHorseHUB
Play, Connect, and Create Impact
OPEN",,https://tapps.center/application/gifthorsehub,https://t.me/gifthorse_bot,https://tapps.center/playtoearn
Play to Earn,https://tapps.center/playtoearn,"ZyncWorld
Discover treasures, earn TON rewards
OPEN",,https://tapps.center/application/zyncworld,https://t.me/zyncworldbot,https://tapps.center/playtoearn
Play to Earn,https://tapps.center/playtoearn,"Piggy Master
Play FREE & Win $$$
OPEN",,https://tapps.center/application/piggymaster,https://t.me/piggymaster_bot,https://tapps.center/playtoearn
Play to Earn,https://tapps.center/playtoearn,"OrbitFall
Conquer the Galaxy. Mine SparklLux.
OPEN",,https://tapps.center/application/orbitfall,https://t.me/OrbitFallBot,https://tapps.center/playtoearn
Play to Earn,https://tapps.center/playtoearn,"KalkiVerse
Explore duality. Play, Earn, and Evolve Eternally.
OPEN",,https://tapps.center/application/kalkiverse,https://t.me/kalkiversebot,https://tapps.center/playtoearn
Play to Earn,https://tapps.center/playtoearn,"OIL
Idle oil drilling and trading game
OPEN",,https://tapps.center/application/oil,https://t.me/oil_gamebot,https://tapps.center/playtoearn
Play to Earn,https://tapps.center/playtoearn,"The Open Heart
Help stray animals and earn rewards while you’re at it!
OPEN",,https://tapps.center/application/theopenheart,https://t.me/TheOpenHeartbot,https://tapps.center/playtoearn
Play to Earn,https://tapps.center/playtoearn,"CrypTONMon
Catch, battle, and earn with unique CrypTONMons!
OPEN",,https://tapps.center/application/cryptonmon,https://t.me/CrypTONMonBot,https://tapps.center/playtoearn
Play to Earn,https://tapps.center/playtoearn,"Tilda
Mine. Play. Earn.
OPEN",,https://tapps.center/application/tilda,https://t.me/TildaAppBot,https://tapps.center/playtoearn
Play to Earn,https://tapps.center/playtoearn,"Quest Animals
Collecting pets. Complete quests, level up, and earn money!
OPEN",,https://tapps.center/application/questanimals,https://t.me/quest_animals_bot,https://tapps.center/playtoearn
Play to Earn,https://tapps.center/playtoearn,"BOLD - BEYOND MONEY
Status made simple with taps
OPEN",,https://tapps.center/application/boldbeyondmoney,https://t.me/be_BOLD_bot,https://tapps.center/playtoearn
Play to Earn,https://tapps.center/playtoearn,"Flowers Garden
Grow rare NFT flowers and earn income in TON
OPEN",,https://tapps.center/application/flowersgarden,https://t.me/flowers_game_bot,https://tapps.center/playtoearn
Play to Earn,https://tapps.center/playtoearn,"Kick Empire
Forge Your Legacy, Own Your Game with Kick Empire!
OPEN",,https://tapps.center/application/kickempire,https://t.me/kickempire_game_bot,https://tapps.center/playtoearn
Play to Earn,https://tapps.center/playtoearn,"BackpackerAI
Play for airdrop
OPEN",,https://tapps.center/application/backpackerai,https://t.me/backpacker_ton_bot,https://tapps.center/playtoearn
Play to Earn,https://tapps.center/playtoearn,"Dataurum
Fair data economy
OPEN",,https://tapps.center/application/dataurum,https://t.me/DataurumBot,https://tapps.center/playtoearn
Play to Earn,https://tapps.center/playtoearn,"Flipper
Learn crypto in the game for free
OPEN",,https://tapps.center/application/flipper,https://t.me/Flipper_app_bot,https://tapps.center/playtoearn
Play to Earn,https://tapps.center/playtoearn,"P45 Miner
Start Mining OTON For Free!
OPEN",,https://tapps.center/application/p45miner,https://t.me/P45minerbot,https://tapps.center/playtoearn
Play to Earn,https://tapps.center/playtoearn,"DriveCoin
Web3 World Community of Drivers
OPEN",,https://tapps.center/application/drivecoin,https://t.me/Drive_Coin_Official_bot,https://tapps.center/playtoearn
Play to Earn,https://tapps.center/playtoearn,"SYNART Oracle
Platform for art, quizzes, NFTs, challenges, and rewards
OPEN",,https://tapps.center/application/synartoracle,https://t.me/synart_bot,https://tapps.center/playtoearn
Play to Earn,https://tapps.center/playtoearn,"MoonTap
Cosmic clicker game inside Telegram
OPEN",,https://tapps.center/application/moontap,https://t.me/moontapbot,https://tapps.center/playtoearn
Play to Earn,https://tapps.center/playtoearn,"Vote To Earn
You Vote. You Earn. It’s That Simple.
OPEN",,https://tapps.center/application/votetoearn,https://t.me/VoteToEarnBot,https://tapps.center/playtoearn
Play to Earn,https://tapps.center/playtoearn,"BananaShake
Shaking up the Future of Entertainment
OPEN",,https://tapps.center/application/bananashake,https://t.me/BananaShakeAppBot,https://tapps.center/playtoearn
Play to Earn,https://tapps.center/playtoearn,"Dig It Game
Play For Gold earn Tokens for Real Asset Backed Gold
OPEN",,https://tapps.center/application/digitgame,https://t.me/dig_it_game_bot,https://tapps.center/playtoearn
Play to Earn,https://tapps.center/playtoearn,"Liquid Coin
Next-gen mining app on TON
OPEN",,https://tapps.center/application/liquidcoin,https://t.me/liquid_coin_bot,https://tapps.center/playtoearn
Play to Earn,https://tapps.center/playtoearn,"Bitcoin Crane
Earn coins. Blockchain news. Complete tasks.
OPEN",,https://tapps.center/application/bitcoincrane,https://t.me/BitcoinCrane_bot,https://tapps.center/playtoearn
Play to Earn,https://tapps.center/playtoearn,"Mucca
Mine, play & earn
OPEN",,https://tapps.center/application/mucca,https://t.me/MuccaAppBot,https://tapps.center/playtoearn
Play to Earn,https://tapps.center/playtoearn,"Hash Crash
Hash Fast, Moon Faster
OPEN",,https://tapps.center/application/hash,https://t.me/HashCrashBot,https://tapps.center/playtoearn
Play to Earn,https://tapps.center/playtoearn,"CryptoCat
Tap, learn crypto, mine coins, build your fortune
OPEN",,https://tapps.center/application/cryptocat,https://t.me/CryptoCatGame_bot,https://tapps.center/playtoearn
Play to Earn,https://tapps.center/playtoearn,"ZIFRETTA
Gamified Web3 Education
OPEN",,https://tapps.center/application/zifretta,https://t.me/ZIFRETTA_bot,https://tapps.center/playtoearn
Play to Earn,https://tapps.center/playtoearn,"TradyFi - TDF Token
Mine diamonds, join challenges, and unlock real $TDF rewards",,https://tapps.center/application/tdftoken,https://t.me/tradyfi_token_bot,https://tapps.center/playtoearn
Play to Earn,https://tapps.center/playtoearn,"Tap Tycoon
Earn Crypto. No Mining. Just Tapping.
OPEN",,https://tapps.center/application/taptycoon,https://t.me/Tap_Tycoon_Bot,https://tapps.center/playtoearn
Play to Earn,https://tapps.center/playtoearn,"Mewo Token
Let Mewo Token claws grab tokens & earn rewards!
OPEN",,https://tapps.center/application/mewotoken,https://t.me/mewo_tokenbot,https://tapps.center/playtoearn
Play to Earn,https://tapps.center/playtoearn,"TON Faucet
Get Paid in TON Daily
OPEN",,https://tapps.center/application/tonfaucet,https://t.me/TonFaucetCryptoBot,https://tapps.center/playtoearn
Play to Earn,https://tapps.center/playtoearn,"Uni Jump
Play, upgrade your Uni and collect TON!
OPEN",,https://tapps.center/application/unijump,https://t.me/unijump_bot,https://tapps.center/playtoearn
Play to Earn,https://tapps.center/playtoearn,"HuntFi
Move. Hunt. Earn.
OPEN",,https://tapps.center/application/huntfi,https://t.me/HuntFiBot,https://tapps.center/playtoearn
Play to Earn,https://tapps.center/playtoearn,"DuckyStars
Earn Stars and Gifts Easily
OPEN",,https://tapps.center/application/duckystars,https://t.me/duckystars_bot,https://tapps.center/playtoearn
Play to Earn,https://tapps.center/playtoearn,"Orexn
The crypto launch space platform
OPEN",,https://tapps.center/application/orexn,https://t.me/orexnbot,https://tapps.center/playtoearn
Play to Earn,https://tapps.center/playtoearn,"Colypto
We give TON every day!
OPEN",,https://tapps.center/application/colypto,https://t.me/colyptobot,https://tapps.center/playtoearn
Play to Earn,https://tapps.center/playtoearn,"Statecoin
Get a limited Airdrop for your activity in Telegram
OPEN",,https://tapps.center/application/statecoin,https://t.me/statecoin_app_bot,https://tapps.center/playtoearn
Play to Earn,https://tapps.center/playtoearn,"Gem Farming
Earn GEM Tokens Free
OPEN",,https://tapps.center/application/gemfarming,https://t.me/Gem_Farming_Bot,https://tapps.center/playtoearn
Play to Earn,https://tapps.center/playtoearn,"Mine BTS!
Time to mine!
OPEN",,https://tapps.center/application/minebts,https://t.me/mine_bts_bot,https://tapps.center/playtoearn
Play to Earn,https://tapps.center/playtoearn,"Cheese Art
Don't be monkey, Be Yourself!
OPEN",,https://tapps.center/application/cheeseart,https://t.me/Cheeseart_Bot,https://tapps.center/playtoearn
Play to Earn,https://tapps.center/playtoearn,"Miner Block Empire
Mine resources and build empire
OPEN",,https://tapps.center/application/minerblockempire,https://t.me/minecrafted_empire_bot,https://tapps.center/playtoearn
Play to Earn,https://tapps.center/playtoearn,"Uonium
Earn Uonium, Build a Nation
OPEN",,https://tapps.center/application/uonium,https://t.me/uoniumbot/UonBox,https://tapps.center/playtoearn
Play to Earn,https://tapps.center/playtoearn,"Your Turn Game
MoneyTube Games Eco-system
OPEN",,https://tapps.center/application/yourturngame,https://t.me/YourTurnMT_bot,https://tapps.center/playtoearn
Play to Earn,https://tapps.center/playtoearn,"SOREN
Earn $SOR with your Web3 identity.
OPEN",,https://tapps.center/application/soren,https://t.me/SORENCOMMUNITY_BOT,https://tapps.center/playtoearn
Play to Earn,https://tapps.center/playtoearn,"PYRO
More Rewards, More Airdrops, More Fun!
OPEN",,https://tapps.center/application/pyro,https://t.me/pyroplaybot,https://tapps.center/playtoearn
Play to Earn,https://tapps.center/playtoearn,"Naughty Coin
Mine NOTY Coin and Qualify for NOTY Card
OPEN",,https://tapps.center/application/naughtycoin,https://t.me/naughtycoinofficial_bot,https://tapps.center/playtoearn
Play to Earn,https://tapps.center/playtoearn,"Protons
Play-2-WL Get Whitelist if you are TON OG
OPEN",,https://tapps.center/application/protons,https://t.me/protons_on_ton_bot,https://tapps.center/playtoearn
Play to Earn,https://tapps.center/playtoearn,"Winsuibus
WINSUIBUS is a gaming bot powered by the token
OPEN",,https://tapps.center/application/winsuibus,https://t.me/winsuibus_bot,https://tapps.center/playtoearn
Play to Earn,https://tapps.center/playtoearn,"Runecoin Network
STEP TO THE MOON! BE THE FIRST ONES!
OPEN",,https://tapps.center/application/runecoinnetwork,https://t.me/runecoinapp_bot,https://tapps.center/playtoearn
Play to Earn,https://tapps.center/playtoearn,"WolfSteaks
Play-to-Earn Game
OPEN",,https://tapps.center/application/wolfsteaks,https://t.me/WolfSteaksBot,https://tapps.center/playtoearn
Play to Earn,https://tapps.center/playtoearn,"True Miner
Real BTC mining on Telegram
OPEN",,https://tapps.center/application/trueminer,https://t.me/TrueMiner_Bot,https://tapps.center/playtoearn
Play to Earn,https://tapps.center/playtoearn,"Hold This Button
Hold this button and win prizes!
OPEN",,https://tapps.center/application/holdthisbutton,https://t.me/hold_this_button_bot,https://tapps.center/playtoearn
Play to Earn,https://tapps.center/playtoearn,"TradingBaseAI
Predict TON price and get TBCB points
OPEN",,https://tapps.center/application/tradingbaseai,https://t.me/TradingBaseAI_official_bot,https://tapps.center/playtoearn
Play to Earn,https://tapps.center/playtoearn,"BLACK
Mine $BLACK
OPEN",,https://tapps.center/application/black,https://t.me/theblacktgbot,https://tapps.center/playtoearn
Play to Earn,https://tapps.center/playtoearn,"line-crypto
Play Game & Earn
OPEN",,https://tapps.center/application/linecrypto,https://t.me/LineCryptoAppBot/lineCrypto,https://tapps.center/playtoearn
Play to Earn,https://tapps.center/playtoearn,"ETN Airdrop
Get your share of the ETN Utility token early
OPEN",,https://tapps.center/application/etnairdrop,https://t.me/ET_Netsa_Airdrop_bot,https://tapps.center/playtoearn
Play to Earn,https://tapps.center/playtoearn,"UMAX Network TON
UMAX app offers Crypto gamification on TON Blockchain!
OPEN",,https://tapps.center/application/umaxnetworkton,https://t.me/UmaxNetworkBot,https://tapps.center/playtoearn
Play to Earn,https://tapps.center/playtoearn,"Coinxi Mining
Coinxi is fast growing Crypto-Currency platform
OPEN",,https://tapps.center/application/coinximining,https://t.me/Coinxi_bot,https://tapps.center/playtoearn
Play to Earn,https://tapps.center/playtoearn,"MonarChain
3D Play-To-Earn!
OPEN",,https://tapps.center/application/monarchain,https://t.me/MonarChain_bot,https://tapps.center/playtoearn
Play to Earn,https://tapps.center/playtoearn,"ApexHash
Next tier mining in Telegram
OPEN",,https://tapps.center/application/apexhash,https://t.me/apexhash_bot,https://tapps.center/playtoearn
Play to Earn,https://tapps.center/playtoearn,"Trump's Empire
Build your empire before the Airdrop!
OPEN",,https://tapps.center/application/trumpsempire,https://t.me/TrumpsEmpireBot,https://tapps.center/playtoearn
Play to Earn,https://tapps.center/playtoearn,"Finny Gaming
Get a chance to earn while having fun!
OPEN",,https://tapps.center/application/finnygaming,https://t.me/finny_gaming_bot,https://tapps.center/playtoearn
Play to Earn,https://tapps.center/playtoearn,"MONEY CATS
Not just CATS. Now it's MONEY CATS.
OPEN",,https://tapps.center/application/moneycats,https://t.me/money_mcatsbot,https://tapps.center/playtoearn
Play to Earn,https://tapps.center/playtoearn,"GOAL24
Information and entertainment application about football
OPEN",,https://tapps.center/application/goal24,https://t.me/GOAL24APPBOT,https://tapps.center/playtoearn
Play to Earn,https://tapps.center/playtoearn,"DOGES
Do Only Good, Enjoy Smoothies!
OPEN",,https://tapps.center/application/doges,https://t.me/dogesgamebot,https://tapps.center/playtoearn
Play to Earn,https://tapps.center/playtoearn,"YoshiCoco
YoshiCoco: The Next-Gen P2E
OPEN",,https://tapps.center/application/yoshicoco,https://t.me/YoshiCoco_bot,https://tapps.center/playtoearn
Play to Earn,https://tapps.center/playtoearn,"TOXIC X
TOXIC X GAME play with the growing world of NFTs
OPEN",,https://tapps.center/application/toxicx,https://t.me/toxic_x_game_bot,https://tapps.center/playtoearn
Play to Earn,https://tapps.center/playtoearn,"Labrador Adventures
Exciting adventure with Labrador!
OPEN",,https://tapps.center/application/labradoradventures,https://t.me/LabradorAdventuresBot,https://tapps.center/playtoearn
Play to Earn,https://tapps.center/playtoearn,"TON Hunter
Find the hidden TON in your city
OPEN",,https://tapps.center/application/tonhunter,https://t.me/tonhuntergame_bot,https://tapps.center/playtoearn
Play to Earn,https://tapps.center/playtoearn,"Stars Box
Earn Stars and TON easy with us
OPEN",,https://tapps.center/application/starsbox,https://t.me/stars_boxBot,https://tapps.center/playtoearn
Play to Earn,https://tapps.center/playtoearn,"Flutter Bees
Explore, connect, grow, and collect FLTR Coins!
OPEN",,https://tapps.center/application/flutterbees,https://t.me/flutterbees_bot,https://tapps.center/playtoearn
Play to Earn,https://tapps.center/playtoearn,"Sparks
Mine, earn, and rise to the top. Fast. Fun. Profitable.
OPEN",,https://tapps.center/application/sparks,https://t.me/xSparks_Bot,https://tapps.center/playtoearn
Play to Earn,https://tapps.center/playtoearn,"CheckRewards
Explore the map and collect awesome rewards
OPEN",,https://tapps.center/application/checkrewards,https://t.me/checkrewards_bot,https://tapps.center/playtoearn
Play to Earn,https://tapps.center/playtoearn,"Ozzo
Blockchain-based game on TON
OPEN",,https://tapps.center/application/ozzo,https://t.me/official_ozzo_bot,https://tapps.center/playtoearn
Play to Earn,https://tapps.center/playtoearn,"wTON
Simple mining. Big rewards. Join us.
OPEN",,https://tapps.center/application/wton,https://t.me/w_TONBot,https://tapps.center/playtoearn
Play to Earn,https://tapps.center/playtoearn,"Specters
Telegram-born. Community-driven. We are the Specters.
OPEN",,https://tapps.center/application/specters,https://t.me/TheSpecters_Bot,https://tapps.center/playtoearn
Play to Earn,https://tapps.center/playtoearn,"Golden Battle
Join an exciting airdrop!
OPEN",,https://tapps.center/application/goldenbattle,https://t.me/golden_battle_bot,https://tapps.center/playtoearn
Play to Earn,https://tapps.center/playtoearn,"Enigmatus
Earn Stars and Enigma by completing tasks
OPEN",,https://tapps.center/application/enigmatus,https://t.me/EnigmatusBot,https://tapps.center/playtoearn
Play to Earn,https://tapps.center/playtoearn,"FlipGame
Play - to - Earn Game ! Flip cards. Win coins. Claim Airdrops.
OPEN",,https://tapps.center/application/flipgame,https://t.me/flipgame30bot,https://tapps.center/playtoearn
Play to Earn,https://tapps.center/playtoearn,"Adsdrop
Powering Web3 Growth with Marketing Intelligence
OPEN",,https://tapps.center/application/adsdrop,https://t.me/adsdropfunofficialbot,https://tapps.center/playtoearn
Play to Earn,https://tapps.center/playtoearn,"Lemonade Empire
Tap. Earn. Upgrade your lemonade empire!
OPEN",,https://tapps.center/application/lemonadeempire,https://t.me/lemonade_empire_bot,https://tapps.center/playtoearn
Play to Earn,https://tapps.center/playtoearn,"WoofCoin
WoofCoin is a tap game where your coins turn into real TON crypto
OPEN",,https://tapps.center/application/woofcoin,https://t.me/WoofCoinBot,https://tapps.center/playtoearn
Play to Earn,https://tapps.center/playtoearn,"X Bull
X Bull Meme Coin is coming! Join the hype and earn with MiniApp.
OPEN",,https://tapps.center/application/xbull,https://t.me/Xb_bull_bot,https://tapps.center/playtoearn
Play to Earn,https://tapps.center/playtoearn,"ToboTap
Earn USDT effortlessly by doing three tasks daily!
OPEN",,https://tapps.center/application/tobotap,https://t.me/tobotapbot,https://tapps.center/playtoearn
Play to Earn,https://tapps.center/playtoearn,"VIFA
VIFA Esports & Crypto: AI-Driven Football Tournaments & Blockchain Economy
",,https://tapps.center/application/vifa,https://t.me/VIFACoinBot,https://tapps.center/playtoearn
Play to Earn,https://tapps.center/playtoearn,"BTC: The Only
A simulation game featuring mining mechanics
OPEN",,https://tapps.center/application/btctheonly,https://t.me/btcgametheonlybot,https://tapps.center/playtoearn
Play to Earn,https://tapps.center/playtoearn,"Goblin Hash
Increase production, mine TON coins and compete with other players
O",,https://tapps.center/application/goblinhash,https://t.me/GoblinHash_bot,https://tapps.center/playtoearn
Play to Earn,https://tapps.center/playtoearn,"TUBE
Start the bot and play games to earn $TUBE
OPEN",,https://tapps.center/application/tube,https://t.me/tube_earning_bot,https://tapps.center/playtoearn
Play to Earn,https://tapps.center/playtoearn,"MT Mine
The perfect miner for mining coins and earning money
OPEN",,https://tapps.center/application/mtmine,https://t.me/MTmine_bot,https://tapps.center/playtoearn
Play to Earn,https://tapps.center/playtoearn,"TonScore
Get your wallet scored, unlock insights and earn rewards
OPEN",,https://tapps.center/application/tonscore,https://t.me/TONScoreTrack_bot,https://tapps.center/playtoearn
Play to Earn,https://tapps.center/playtoearn,"AxeHash
Mine for free and earn $AXE for free
OPEN",,https://tapps.center/application/axehash,https://t.me/BitGame_AXE_bot,https://tapps.center/playtoearn
Play to Earn,https://tapps.center/playtoearn,"DigTon Faucet
Earn coins using the computing power of our nodes
OPEN",,https://tapps.center/application/digtonfaucet,https://t.me/DigTonBot,https://tapps.center/playtoearn
Play to Earn,https://tapps.center/playtoearn,"FrenGen
Attack and rob other players, be the first!
OPEN",,https://tapps.center/application/frengen,https://t.me/FrenGenBot,https://tapps.center/playtoearn
Play to Earn,https://tapps.center/playtoearn,"Planet X
Cosmic farming with real USDT payouts
OPEN",,https://tapps.center/application/planetx,https://t.me/PlanetX_gamebot,https://tapps.center/playtoearn
Play to Earn,https://tapps.center/playtoearn,"LoonaHash
Complete tasks daily and earn rewards through the TON network
OPEN",,https://tapps.center/application/loonahash,https://t.me/LoonaHash_bot,https://tapps.center/playtoearn
Play to Earn,https://tapps.center/playtoearn,"FRIEND FARM
Play and Earn real $USDT!
OPEN",,https://tapps.center/application/friendfarm,https://t.me/FriendFarmBot,https://tapps.center/playtoearn
Play to Earn,https://tapps.center/playtoearn,"WildLifeKeeper
Accumulate pWK points and convert to WLK at TGE
OPEN",,https://tapps.center/application/wildlifekeeper,https://t.me/WildLifeKeeper_bot,https://tapps.center/playtoearn
Play to Earn,https://tapps.center/playtoearn,"DeviumCoin
Play and get rewards
OPEN",,https://tapps.center/application/deviumcoin,https://t.me/DeviumCoin_bot,https://tapps.center/playtoearn
Play to Earn,https://tapps.center/playtoearn,"Mariano Crops Farm
Welcome to $CROPS! Create an account and start earning.
OPEN",,https://tapps.center/application/marianocropsfarm,https://t.me/MCF_bot,https://tapps.center/playtoearn
Play to Earn,https://tapps.center/playtoearn,"LAMA
Play and get rewards
OPEN",,https://tapps.center/application/lama,https://t.me/lama_gaming_bot,https://tapps.center/playtoearn
Play to Earn,https://tapps.center/playtoearn,"Miner Rush
Build your mining farm, earn tokens, and compete with others
OPEN",,https://tapps.center/application/minerrush,https://t.me/MinerRush_bot,https://tapps.center/playtoearn
Play to Earn,https://tapps.center/playtoearn,"CICADA
Immerse yourself in the world of Cicada!
OPEN",,https://tapps.center/application/cicada,https://t.me/Cicadagame_bot,https://tapps.center/playtoearn
Play to Earn,https://tapps.center/playtoearn,"Richbot Revolution
Trade, earn $RB, and win big!
OPEN",,https://tapps.center/application/richbotrevolution,https://t.me/RichRevolutionbot,https://tapps.center/playtoearn
Play to Earn,https://tapps.center/playtoearn,"Move
Earn tokens simply by moving!
OPEN",,https://tapps.center/application/move,https://t.me/MoveOnTonBot,https://tapps.center/playtoearn
Play to Earn,https://tapps.center/playtoearn,"Poko
Will you venture further into the unknown??
OPEN",,https://tapps.center/application/poko,https://t.me/ThePokoBot,https://tapps.center/playtoearn
Play to Earn,https://tapps.center/playtoearn,"INSIDERAA
Duolingo-Style Web3&Trading Lessons app
OPEN",,https://tapps.center/application/insideraa,https://t.me/INSIDERAA_bot,https://tapps.center/playtoearn
Play to Earn,https://tapps.center/playtoearn,"SpendX
Where AI Agent Meets Money Management!
OPEN",,https://tapps.center/application/spendx,https://t.me/spendx_bot,https://tapps.center/playtoearn
Play to Earn,https://tapps.center/playtoearn,"Coin Heaven
Welcome to Coin Heaven!
OPEN",,https://tapps.center/application/coinheaven,https://t.me/coin_heaven_bot,https://tapps.center/playtoearn
Play to Earn,https://tapps.center/playtoearn,"Hamster. Creation
Business simulator
OPEN",,https://tapps.center/application/hamstercreation,https://t.me/hamster_creation_bot,https://tapps.center/playtoearn
Play to Earn,https://tapps.center/playtoearn,"ROCK
Collect and upgrade cards, invite friends and earn $ROCK
OPEN",,https://tapps.center/application/rock,https://t.me/memerockBot,https://tapps.center/playtoearn
Play to Earn,https://tapps.center/playtoearn,"Code Master X
A hacking game
OPEN",,https://tapps.center/application/codemasterx,https://t.me/CodeMasterX_bot,https://tapps.center/playtoearn
Play to Earn,https://tapps.center/playtoearn,"DozCatbot
Creative program for digital currency
OPEN",,https://tapps.center/application/dozcatbot,https://t.me/DozCatbot,https://tapps.center/playtoearn
Play to Earn,https://tapps.center/playtoearn,"Womanity
Dialogue for Humans, Not AI!
OPEN",,https://tapps.center/application/womanity,https://t.me/womanity_robot,https://tapps.center/playtoearn
Play to Earn,https://tapps.center/playtoearn,"The Prime
Stars and Telegram Premium for free!
OPEN",,https://tapps.center/application/theprime,https://t.me/YourPrimeBot,https://tapps.center/playtoearn
Play to Earn,https://tapps.center/playtoearn,"Voscoin
The Future Of Crypto Mining
OPEN",,https://tapps.center/application/voscoin,https://t.me/Voscoin_bot,https://tapps.center/playtoearn
Play to Earn,https://tapps.center/playtoearn,"CyraLoop
Play, win, and earn real rewards with zero risk
OPEN",,https://tapps.center/application/cyraloop,https://t.me/cyraloopbot,https://tapps.center/playtoearn
Play to Earn,https://tapps.center/playtoearn,"Roko
Act in my name, and you will be rewarded
OPEN",,https://tapps.center/application/roko,https://t.me/TheRokoBot,https://tapps.center/playtoearn
Play to Earn,https://tapps.center/playtoearn,"Squads
Incredible battle of Telegram channels!
OPEN",,https://tapps.center/application/squads,https://t.me/squads_battle_bot,https://tapps.center/playtoearn
Play to Earn,https://tapps.center/playtoearn,"Memex
Probably Memex
OPEN",,https://tapps.center/application/memex,https://t.me/MemeXGlobalBot,https://tapps.center/playtoearn
Play to Earn,https://tapps.center/playtoearn,"WarCoin
Earn $WarCoin by playing MiniGames
OPEN",,https://tapps.center/application/warcoin,https://t.me/warcoinapp_bot,https://tapps.center/playtoearn
Play to Earn,https://tapps.center/playtoearn,"One-oh-One
Mine ONNE tokens on TON with Protocol 101
OPEN",,https://tapps.center/application/oneohone,https://t.me/one_oh_one_bot,https://tapps.center/playtoearn
Play to Earn,https://tapps.center/playtoearn,"HydrixGems
Cross platform mining app
OPEN",,https://tapps.center/application/hydrixgems,https://t.me/HydrixGemsBot,https://tapps.center/playtoearn
Play to Earn,https://tapps.center/playtoearn,"CryptoHacker
Hack other tokens or be hacked
OPEN",,https://tapps.center/application/cryptohacker,https://t.me/CryptoHackerGame_bot,https://tapps.center/playtoearn
Play to Earn,https://tapps.center/playtoearn,"AIXhash
AI + TON: A New Era of Decentralization!
OPEN",,https://tapps.center/application/aixhash,https://t.me/AIXhashbot,https://tapps.center/playtoearn
Play to Earn,https://tapps.center/playtoearn,"AtlasVault
Unlock RWA Treasures, Build Real Value Never Before
OPEN",,https://tapps.center/application/atlasvault,https://t.me/AtlasVault_OfficialBot,https://tapps.center/playtoearn
Play to Earn,https://tapps.center/playtoearn,"W3N
Earn W3N tokens by helping train decentralized AI
OPEN",,https://tapps.center/application/w3n,https://t.me/web3neurabot,https://tapps.center/playtoearn
Play to Earn,https://tapps.center/playtoearn,"Zeusnet Miner
Let’s Mine ZNT Coins and Earn TON!
OPEN",,https://tapps.center/application/zeusnetminer,https://t.me/zeusnet_app_bot,https://tapps.center/playtoearn
Other,https://tapps.center/other,"Account Created Date
Estimated Creation Dates
OPEN",,https://tapps.center/application/accountcreateddate,https://t.me/AccountCreatedBot,https://tapps.center/other
Other,https://tapps.center/other,"Verify.pdf
Bank PDF documents verification
OPEN",,https://tapps.center/application/verifypdf,https://t.me/verify_pdf_bot,https://tapps.center/other
Other,https://tapps.center/other,"brat Sticker
Create brat meme stickers quickly
OPEN",,https://tapps.center/application/bratsticker,https://t.me/brat_sticker_bot,https://tapps.center/other
Other,https://tapps.center/other,"QR TAG
Animated QR codes with updateable links
OPEN",,https://tapps.center/application/qrtag,https://t.me/qrtagbot,https://tapps.center/other
Other,https://tapps.center/other,"Bewerbung
Job search and resume generator for Germany
OPEN",,https://tapps.center/application/bewerbung,https://t.me/bewerbungbot,https://tapps.center/other
Other,https://tapps.center/other,"Wishora
Your personal wishlist — simple, fun, and easy to share!
OPEN",,https://tapps.center/application/wishora,https://t.me/WishoraBot,https://tapps.center/other
Other,https://tapps.center/other,"Luna Cycle: Period Tracker
Cycle tracker inside Telegram
OPEN",,https://tapps.center/application/lunacycleperiodtracker,https://t.me/Luna_Cycle_Bot,https://tapps.center/other
Other,https://tapps.center/other,"Watchi
Focus timer with streaks and AI insights
OPEN",,https://tapps.center/application/watchi,https://t.me/WatchiAppBot,https://tapps.center/other
Other,https://tapps.center/other,"DailyRoar
Faith community for daily growth
OPEN",,https://tapps.center/application/dailyroar,https://t.me/DailyRoarBot,https://tapps.center/other
Other,https://tapps.center/other,"SubEasy
Never miss a subscription renewal
OPEN",,https://tapps.center/application/subeasy,https://t.me/Subeasyapp_bot,https://tapps.center/other
Other,https://tapps.center/other,"UltyMyLife
Organize Your Entire Life in One App
OPEN",,https://tapps.center/application/ultymylife,https://t.me/UltyMyLife_bot,https://tapps.center/other
Other,https://tapps.center/other,"MyQuick eMail
MyQuick Temp eMail
OPEN",,https://tapps.center/application/myquickemail,https://t.me/myquick_email_bot,https://tapps.center/other
Other,https://tapps.center/other,"LunaCycle
Cycle Tracker Inside Telegram
OPEN",,https://tapps.center/application/lunacycle,https://t.me/lunacycle_bot,https://tapps.center/other
Other,https://tapps.center/other,"SkillBrain
Learn IT with hands-on practice
OPEN",,https://tapps.center/application/skillbrain,https://t.me/skillbrains_bot,https://tapps.center/other
Other,https://tapps.center/other,"Sonared
Real voice conversations with people around the world
OPEN",,https://tapps.center/application/sonared,https://t.me/sonared_bot,https://tapps.center/other
Other,https://tapps.center/other,"BYBOT
Crypto trading at your fingertips
OPEN",,https://tapps.center/application/bybot,https://t.me/bybotmebot,https://tapps.center/other
Other,https://tapps.center/other,"VerSync
Access made secure
OPEN",,https://tapps.center/application/versync,https://t.me/versyncbot,https://tapps.center/other
Other,https://tapps.center/other,"Ketu
Find love written in the stars
OPEN",,https://tapps.center/application/ketu,https://t.me/KetuAppBot,https://tapps.center/other
Other,https://tapps.center/other,"FriendsHub
Make friends. Create events.
OPEN",,https://tapps.center/application/friendshub,https://t.me/Friends_HubBot,https://tapps.center/other
Other,https://tapps.center/other,"spokspace
Daily tools to ease your anxiety
OPEN",,https://tapps.center/application/spokspace,https://t.me/spokspacebot,https://tapps.center/other
Other,https://tapps.center/other,"Quick Form
Constructor of forms and quizzes
OPEN",,https://tapps.center/application/quickform,https://t.me/qfrmBot,https://tapps.center/other
Other,https://tapps.center/other,"AI [ OCR ]
Image to Text Reader
OPEN",,https://tapps.center/application/aiocrimagetotextreader,https://t.me/ai_img2text_bot,https://tapps.center/other
Other,https://tapps.center/other,"SuppSpace
Your personal safe space
OPEN",,https://tapps.center/application/suppspace,https://t.me/SuppSpaceBot,https://tapps.center/other
Other,https://tapps.center/other,"Task split
Split any task with AI into useful ToDo list!
OPEN",,https://tapps.center/application/tasksplit,https://t.me/tasksplit_bot,https://tapps.center/other
Other,https://tapps.center/other,"Currencies
Fast currency converter for travelers
OPEN",,https://tapps.center/application/currency,https://t.me/currencies_app_bot,https://tapps.center/other
Other,https://tapps.center/other,"SplitPay
Receipt scanning and real-time debt tracking
OPEN",,https://tapps.center/application/splitpay,https://t.me/split_pay_app_bot,https://tapps.center/other
Other,https://tapps.center/other,"TodoMateAI
AI-powered Task Assistant
OPEN",,https://tapps.center/application/todomateai,https://t.me/todomateaibot,https://tapps.center/other
Other,https://tapps.center/other,"EntravelX
Telegram-Native Crypto Travel App
OPEN",,https://tapps.center/application/entravelx,https://t.me/entravelx_bot,https://tapps.center/other
Other,https://tapps.center/other,"TODOX / Tasks
Group Chat / Team Tasks
OPEN",,https://tapps.center/application/todoxtasks,https://t.me/todox_bot,https://tapps.center/other
Other,https://tapps.center/other,"CleanKick
Block spam accounts automatically
OPEN",,https://tapps.center/application/cleankick,https://t.me/cleankickbot,https://tapps.center/other
Other,https://tapps.center/other,"WONTAPP
Move-to-Earn
OPEN",,https://tapps.center/application/wontapp,https://t.me/wontappbot,https://tapps.center/other
Other,https://tapps.center/other,"PictoTapp
Complete interactive quests and battle with your photos!
OPEN",,https://tapps.center/application/pictotapp,https://t.me/PictoTappBot,https://tapps.center/other
Other,https://tapps.center/other,"GeoHealth
All your health in one App
OPEN",,https://tapps.center/application/geohealth,https://t.me/geo_dao_bot,https://tapps.center/other
Other,https://tapps.center/other,"File to bot
Save your files to unlimited private storage in Telegram
OPEN",,https://tapps.center/application/filetobot,https://t.me/filetobot,https://tapps.center/other
Other,https://tapps.center/other,"I Ching - Book of changes
Find out if your dream will come true, achieve your go",,https://tapps.center/application/bookofchanges,https://t.me/book_changes_bot,https://tapps.center/other
Other,https://tapps.center/other,"Asbeks
Smart tools and services to showcase, connect, and grow
OPEN",,https://tapps.center/application/asbeks,https://t.me/Asbeksbot,https://tapps.center/other
Other,https://tapps.center/other,"Atrix – Astrologers
Horoscope, tarot, palm reading, birth chart, astrology, fate",,https://tapps.center/application/atrix,https://t.me/atrix_astrology_bot,https://tapps.center/other
Other,https://tapps.center/other,"Ask Gemini AI
Chatbot powered by Google Gemini AI
OPEN",,https://tapps.center/application/askgeminiai,https://t.me/AskgeminiAi_bot,https://tapps.center/other
Other,https://tapps.center/other,"Settlers
Capture real-world map. Walk, claim hexes, join a clan.
OPEN",,https://tapps.center/application/settlers,https://t.me/settlers_hex_bot,https://tapps.center/other
Other,https://tapps.center/other,"Health Checker
Take care of your health with us!
OPEN",,https://tapps.center/application/healthchecker,https://t.me/check_your_health_bot,https://tapps.center/other
Other,https://tapps.center/other,"Scam No More
AI bot to detect scams, phishing, and fraud on Telegram.
OPEN",,https://tapps.center/application/scamnomore,https://t.me/scammerhuntbot,https://tapps.center/other
Other,https://tapps.center/other,"Rabbit
Your ultimate community growth bot
OPEN",,https://tapps.center/application/rabbit,https://t.me/rabbitxyzbot,https://tapps.center/other
Other,https://tapps.center/other,"Relax Me!
Self Massage & Relaxing (professional but simple massage technics)
OPE",,https://tapps.center/application/relaxme,https://t.me/RelaxMeBot,https://tapps.center/other
Other,https://tapps.center/other,"Period tracker
Track your periods and ovulations
OPEN",,https://tapps.center/application/periodtracker,https://t.me/wohealthbot,https://tapps.center/other
Other,https://tapps.center/other,"PullApp
Connect and challenge street athletes in calisthenics, parkour, and skat",,https://tapps.center/application/pullapp,https://t.me/pullapp_bot,https://tapps.center/other
Other,https://tapps.center/other,"Lockshield VPN
Bypass censorship & protect traffic on public WiFi
OPEN",,https://tapps.center/application/lockshieldvpn,https://t.me/lockshieldvpn_bot,https://tapps.center/other
Other,https://tapps.center/other,"Kcal Nutrition Assistant
Smart, AI-powered nutrition tracker
OPEN",,https://tapps.center/application/kcalnutritionassistant,https://t.me/kcalai_bot,https://tapps.center/other
Other,https://tapps.center/other,"Argus
Free bot for photo image to text recognition and processing
OPEN",,https://tapps.center/application/argus,https://t.me/argus_ocr_bot,https://tapps.center/other
Other,https://tapps.center/other,"Drivio
Buy & Sell Cars fast with Drivio – Simple, Secure, Smart
OPEN",,https://tapps.center/application/drivio,https://t.me/drivio_bot,https://tapps.center/other
Other,https://tapps.center/other,"Mentio
Mention All & Everyone
OPEN",,https://tapps.center/application/mentio,https://t.me/MentioProBot,https://tapps.center/other
Other,https://tapps.center/other,"ZAVTRA.live
Client booking and schedule management via Telegram
OPEN",,https://tapps.center/application/zavtralive,https://t.me/ZavtraLive_bot,https://tapps.center/other
Other,https://tapps.center/other,"Calorissimo
Track your daily calories with ease
OPEN",,https://tapps.center/application/calorissimo,https://t.me/CalorissimoBot,https://tapps.center/other
Other,https://tapps.center/other,"Shopping list
Smart shopping list to save time and never forget anything
OPEN",,https://tapps.center/application/shoppinglist,https://t.me/buy_list_shop_bot,https://tapps.center/other
Other,https://tapps.center/other,"Longreader
Save and read it later
OPEN",,https://tapps.center/application/longreader,https://t.me/readwatchlaterbot,https://tapps.center/other
Other,https://tapps.center/other,"Marina.Moda
This platform - where users share their passion for music
OPEN",,https://tapps.center/application/marinamoda,https://t.me/marina_moda_bot,https://tapps.center/other
Other,https://tapps.center/other,"Qexx
Encrypt - Decrypt your text with a password
OPEN",,https://tapps.center/application/qexx,https://t.me/Qexx_Bot,https://tapps.center/other
Other,https://tapps.center/other,"Video | Photo | Free proxi
Video & photo editing tools
OPEN",,https://tapps.center/application/videocirclesmergevideos,https://t.me/Szhat_video_sozdat_gif_bot,https://tapps.center/other
Other,https://tapps.center/other,"Wishlists
Create wishlists and share them with friends in one click
OPEN",,https://tapps.center/application/wishlists,https://t.me/khaps_wishlist_bot,https://tapps.center/other
Other,https://tapps.center/other,"Calendar 0
The little calendar that could
OPEN",,https://tapps.center/application/calendar0,https://t.me/calendar0bot,https://tapps.center/other
Other,https://tapps.center/other,"Emojigram
Explore stickers on Telegram
OPEN",,https://tapps.center/application/emojigram,https://t.me/emojigram_bot,https://tapps.center/other
Other,https://tapps.center/other,"BossBlock
AI Powered InfoFI Intelligence & Gaming Studio
OPEN",,https://tapps.center/application/bossblock,https://t.me/BossBlock_Bot,https://tapps.center/other
Other,https://tapps.center/other,"VidVoiceText
Convert audio and video to text
OPEN",,https://tapps.center/application/vidvoicetext,https://t.me/VidVoiceText_bot,https://tapps.center/other
Other,https://tapps.center/other,"Billy
AI bot helps manage shared expenses in groups and couples
OPEN",,https://tapps.center/application/billy,https://t.me/BillyMoney_bot,https://tapps.center/other
Other,https://tapps.center/other,"Advanced Link Saver
Your improved ""Saved Messages""
OPEN",,https://tapps.center/application/advancedlinksaver,https://t.me/sp_link_saver_bot,https://tapps.center/other
Other,https://tapps.center/other,"Moon Calendar & Phases
Discover the power of the Moon!
OPEN",,https://tapps.center/application/mooncalendarandphases,https://t.me/mooncalendarandphases_bot,https://tapps.center/other
Other,https://tapps.center/other,"Unly Dating
Communicate freely, staying true to yourself
OPEN",,https://tapps.center/application/unlydating,https://t.me/unlyDatingBot,https://tapps.center/other
Other,https://tapps.center/other,"HashCash
Turn your device’s power into real security!
OPEN",,https://tapps.center/application/hashcashapp,https://t.me/HashCashApp_bot,https://tapps.center/other
Other,https://tapps.center/other,"Quiz Maker
Take quizzes and make your own
OPEN",,https://tapps.center/application/quizmaker,https://t.me/QuizMakerNewBot,https://tapps.center/other
Other,https://tapps.center/other,"ONLYOFFICE
Easily create, convert, edit and collaborate on office files
OPEN",,https://tapps.center/application/onlyoffice,https://t.me/ONLYOFFICE_bot,https://tapps.center/other
Other,https://tapps.center/other,"Note Video
Create round videos from regular ones
OPEN",,https://tapps.center/application/notevideo,https://t.me/tovideonote_bot,https://tapps.center/other
Other,https://tapps.center/other,"Memo AI
Audio to text
OPEN",,https://tapps.center/application/memo,https://t.me/VoiceTextAI_bot,https://tapps.center/other
Other,https://tapps.center/other,"FalaBola
AI English Tutor
OPEN",,https://tapps.center/application/falabola,https://t.me/FalaBola_bot,https://tapps.center/other
Other,https://tapps.center/other,"Y-Line
Easy schedule, online booking and free notifications
OPEN",,https://tapps.center/application/yline,https://t.me/ylineapp_bot,https://tapps.center/other
Other,https://tapps.center/other,"Smart Util
All-in-one toolkit on Telegram
OPEN",,https://tapps.center/application/smartutil,https://t.me/SmartUtilBot,https://tapps.center/other
Other,https://tapps.center/other,"PersonalPlanner
Your personal assistant
OPEN",,https://tapps.center/application/personalplanner,https://t.me/PersonalPlannerAndReminderBot,https://tapps.center/other
Other,https://tapps.center/other,"CapitalView
All assets in one application
OPEN",,https://tapps.center/application/capitalview,https://t.me/CapitalViewAppBot,https://tapps.center/other
Other,https://tapps.center/other,"Review Response Generator
Reviews responses AI generator
OPEN",,https://tapps.center/application/reviewresponsegenerator,https://t.me/vendvision_review_bot,https://tapps.center/other
Other,https://tapps.center/other,"Audio Transcriber
Transcribe and Summarize effortlessly!
OPEN",,https://tapps.center/application/audiotranscriber,https://t.me/MediaTranscribeBot,https://tapps.center/other
Other,https://tapps.center/other,"Radiogram
Earn Impulse by listening to music
OPEN",,https://tapps.center/application/radiogram,https://t.me/RadiogrammBot,https://tapps.center/other
Other,https://tapps.center/other,"TON Tarot
Discover your future with tarot cards
OPEN",,https://tapps.center/application/tontarot,https://t.me/tontarot_bot,https://tapps.center/other
Other,https://tapps.center/other,"AirTrack
Find the best flights right on Telegram
OPEN",,https://tapps.center/application/airtrack,https://t.me/airtrack_bot,https://tapps.center/other
Other,https://tapps.center/other,"SHAZEN | Ai Music Finder
With this robot, you can find any music
OPEN",,https://tapps.center/application/shazen,https://t.me/shazenbot,https://tapps.center/other
Other,https://tapps.center/other,"Digital Resistance
The #DigitalResistance is now. #FREEDUROV.
OPEN",,https://tapps.center/application/digitalresistance,https://t.me/tgresistancebot,https://tapps.center/other
Other,https://tapps.center/other,"Lost Dogs: The Way
Choose the way, don't be lost
OPEN",,https://tapps.center/application/lostdogstheway,https://t.me/lost_dogs_bot,https://tapps.center/other
Other,https://tapps.center/other,"WordBooX
Immerse yourself in the world of WordBooX - Learn 2 Earn - Play, Learn,",,https://tapps.center/application/wordboox,https://t.me/wordboox_bot,https://tapps.center/other
Other,https://tapps.center/other,"Calendry
Your scheduling assistant
OPEN",,https://tapps.center/application/calendry,https://t.me/CalendryBot,https://tapps.center/other
Other,https://tapps.center/other,"Wishlist | Wishbox Bot
Wish. Share. Enjoy.
OPEN",,https://tapps.center/application/wishlistwishboxbot,https://t.me/wishboxbot,https://tapps.center/other
Other,https://tapps.center/other,"News Keeper
RSS reader in Telegram with smart filters and AI summaries
OPEN",,https://tapps.center/application/newskeeper,https://t.me/newskeeperbot,https://tapps.center/other
Other,https://tapps.center/other,"Stickerizer
This bot let's you create stickers on the fly, via Telegram Mini App",,https://tapps.center/application/stickerizer,https://t.me/StickerizerBot,https://tapps.center/other
Other,https://tapps.center/other,"Bolt Swap
Simple, fast and secure bot for cryptocurrency exchange.
OPEN",,https://tapps.center/application/boltswap,https://t.me/BoltSwap_Bot,https://tapps.center/other
Other,https://tapps.center/other,"yadio.cu
Do you want to know the updated exchange rate? Just ask me and I will s",,https://tapps.center/application/yadiocu,https://t.me/yadiocu_bot,https://tapps.center/other
Other,https://tapps.center/other,"File Converter
This bot allows to convert files from one format to another easil",,https://tapps.center/application/fileconverter,https://t.me/newfileconverterbot,https://tapps.center/other
Other,https://tapps.center/other,"Feed Reader Bot
The Feed Reader Bot monitors RSS feeds, and sends messages when ",,https://tapps.center/application/feedreaderbot,https://t.me/TheFeedReaderBot,https://tapps.center/other
Other,https://tapps.center/other,"ChainGPT AI
ChainGPT is an advanced AI model designed for Blockchain & Crypto.
O",,https://tapps.center/application/chaingptai,https://t.me/ChainGPTAI_Bot,https://tapps.center/other
Other,https://tapps.center/other,"Gmail Bot
With this bot you can get new emails and reply to them without leaving",,https://tapps.center/application/gmailbot,https://t.me/gmailbot,https://tapps.center/other
Other,https://tapps.center/other,"Favorite Stickers Bot
Custom Stickers from Photos, Videos & GIFs
OPEN",,https://tapps.center/application/favoritestickersbot,https://t.me/fStikBot,https://tapps.center/other
Getting Started on TON,https://tapps.center/toncore,"Wallet
Editors' Choice
Get up to 5% on TON!
OPEN",,https://tapps.center/application/wallet,https://t.me/wallet,https://tapps.center/toncore
Getting Started on TON,https://tapps.center/toncore,"Tribute
Editors' Choice
This bot helps creators monetize content through donatio",,https://tapps.center/application/tribute,https://t.me/tribute,https://tapps.center/toncore
Getting Started on TON,https://tapps.center/toncore,"Getgems
Editors' Choice
Trade Gifts with 0% royalties!
OPEN",,https://tapps.center/application/getgems,https://t.me/GetgemsNftBot,https://tapps.center/toncore
Getting Started on TON,https://tapps.center/toncore,"TonMobile eSIM
Editors' Choice
Buy eSim for any country with credit card or TON.",,https://tapps.center/application/mobile,https://t.me/Mobile,https://tapps.center/toncore
Getting Started on TON,https://tapps.center/toncore,"Tonkeeper
Store and transfer TON assets
OPEN",,https://tapps.center/application/tonkeeper,https://t.me/tonkeeper,https://tapps.center/toncore
Getting Started on TON,https://tapps.center/toncore,"MyTONWallet
Next-generation crypto wallet
OPEN",,https://tapps.center/application/mytonwallet,https://mytonwallet.app/,https://tapps.center/toncore
Getting Started on TON,https://tapps.center/toncore,"TON ID
Open App to explore various activities in the TON ecosystem.
OPEN",,https://tapps.center/application/tonid,https://t.me/id_app/start,https://tapps.center/toncore
Getting Started on TON,https://tapps.center/toncore,"STON.fi
Instantly swap Toncoin for any coin or token at the best rate. Powered b",,https://tapps.center/application/stonfi,https://t.me/ston_fi,https://tapps.center/toncore
Getting Started on TON,https://tapps.center/toncore,"DeDust.io
Leading decentralized exchange on TON.
OPEN",,https://tapps.center/application/dedustio,https://t.me/dedustbot,https://tapps.center/toncore
Getting Started on TON,https://tapps.center/toncore,"Tonstakers
Earn rewards with Liquid Staking on TON with highest APY on the marke",,https://tapps.center/application/tonstakers,https://t.me/tonstakers_bot,https://tapps.center/toncore
Getting Started on TON,https://tapps.center/toncore,"TON DNS
Readable Names for Wallets, Smart Contracts & Websites
OPEN",,https://tapps.center/application/tondns,https://t.me/ton_dns_official_bot,https://tapps.center/toncore
New,https://tapps.center/new,"QPOL VPN
NEW
The official webapp for QPOL VPN based on FROST/1 protocol.
OPEN",,https://tapps.center/application/qpolvpn,https://t.me/qpolvpnbot,https://tapps.center/new
New,https://tapps.center/new,"TON Breach
NEW
Power your slot. Earn TON.
OPEN",,https://tapps.center/application/tonbreach,https://t.me/tonbreachbot,https://tapps.center/new
New,https://tapps.center/new,"TON Map
NEW
Digital lands on TON
OPEN",,https://tapps.center/application/tonmap,https://t.me/thetonmapbot,https://tapps.center/new
New,https://tapps.center/new,"DevStudio Tycoon
NEW
Build Games. Earn Rewards.
OPEN",,https://tapps.center/application/dst,https://t.me/DevTycoon_bot,https://tapps.center/new
New,https://tapps.center/new,"PlayPuzzles
NEW
Play games, win TON prizes
OPEN",,https://tapps.center/application/playpuzzles,https://t.me/puzzlesGame_bot,https://tapps.center/new
New,https://tapps.center/new,"PixelAI
NEW
AI trend photo shoots
OPEN",,https://tapps.center/application/pixelai,https://t.me/PixelAI_robot,https://tapps.center/new
New,https://tapps.center/new,"Corporate Ladder
NEW
Lumberjack meets Office life.
OPEN",,https://tapps.center/application/corporateladder,https://t.me/corporateladder_bot,https://tapps.center/new
New,https://tapps.center/new,"CRYPTON Rig
NEW
An app where you build your own crypto empire
OPEN",,https://tapps.center/application/cryptonrig,https://t.me/cryptonrig_bot,https://tapps.center/new
New,https://tapps.center/new,"Chat Manager
NEW
Simple profile chat automation.
OPEN",,https://tapps.center/application/chatmanager,https://t.me/chatadministator_bot,https://tapps.center/new
New,https://tapps.center/new,"MysticOracle
NEW
Your daily Tarot guidance and oracle
OPEN",,https://tapps.center/application/mysticoracle,https://t.me/mystic_taroo_bot,https://tapps.center/new
New,https://tapps.center/new,"JettonTonGuard
NEW
Rug & scam scanner for TON tokens
OPEN",,https://tapps.center/application/jettontonguard,https://t.me/JettonTonGuard_Bot,https://tapps.center/new
New,https://tapps.center/new,"SharksGames
NEW
One of the best Games
OPEN",,https://tapps.center/application/sharksgames,https://t.me/SharksMiniApps_bot,https://tapps.center/new
New,https://tapps.center/new,"Stickers Please: AI Stickers Generator
NEW
AI-powered stickers, made by you
OPEN",,https://tapps.center/application/stickersplease,https://t.me/stickerspls_bot,https://tapps.center/new
New,https://tapps.center/new,"TokyoCommand
NEW
TON strategy P2E mini app game
OPEN",,https://tapps.center/application/tokyocommand,https://t.me/TokyoCommand_bot,https://tapps.center/new
New,https://tapps.center/new,"The Factory Age
NEW
Factory Simulator idle game
OPEN",,https://tapps.center/application/thefactoryage,https://t.me/thefactoryage_bot,https://tapps.center/new
New,https://tapps.center/new,"Neo-Tokyo: Protocol 2099
NEW
Pixel-cyberpunk arcade game with original music
OPE",,https://tapps.center/application/neotokyoprotocol2099,https://t.me/protocol2099_bot,https://tapps.center/new
New,https://tapps.center/new,"Universe
NEW
Build fight earn!
OPEN",,https://tapps.center/application/universe,https://t.me/universe_mainbot,https://tapps.center/new
New,https://tapps.center/new,"Vexo Jump
NEW
Jump, collect rewards, upgrade characters
OPEN",,https://tapps.center/application/vexojump,https://t.me/vexojumpbot,https://tapps.center/new
New,https://tapps.center/new,"Avocado AI
NEW
AI ads, UGC videos in your pocket
OPEN",,https://tapps.center/application/avocadoai,https://t.me/avocadoai_co_bot,https://tapps.center/new
New,https://tapps.center/new,"Echo State: Neon Runner
NEW
Test your reflexes in this fast-paced neon rhythm ru",,https://tapps.center/application/echostateneonrunner,https://t.me/echostate_bot,https://tapps.center/new
New,https://tapps.center/new,"Unlist VPN
NEW
Fast VPN inside Telegram
OPEN",,https://tapps.center/application/unlistvpn,https://t.me/unlist_vpn_bot,https://tapps.center/new
New,https://tapps.center/new,"TON Vibe
Post. Earn TON & Telegram Stars Mining token Vibe.
OPEN",,https://tapps.center/application/tonvibe,https://t.me/tonvibe_bot,https://tapps.center/new
New,https://tapps.center/new,"2048 Evolution
2048-style merge puzzle game
OPEN",,https://tapps.center/application/2048evolution,https://t.me/Evolution2048Bot,https://tapps.center/new
New,https://tapps.center/new,"Tokenstore
Gift cards, games, top-ups, and eSIMs
OPEN",,https://tapps.center/application/tokenstore,https://t.me/tokenstoreiobot,https://tapps.center/new
New,https://tapps.center/new,"GoosleeBot
Instantly launch Google Meet & Zoom in your Telegram chat
OPEN",,https://tapps.center/application/goosleebot,https://t.me/goosleebot,https://tapps.center/new
New,https://tapps.center/new,"Walletopia
Play, Win & Earn REAL Money!
OPEN",,https://tapps.center/application/walletopia,https://t.me/Walletopia_bot,https://tapps.center/new
New,https://tapps.center/new,"StashGram
Digital goods marketplace for creators
OPEN",,https://tapps.center/application/stashgram,https://t.me/stash_gram_bot,https://tapps.center/new
New,https://tapps.center/new,"VVPORT VPN
VPN for iPhone and Android
OPEN",,https://tapps.center/application/vvportvpn,https://t.me/vpnru_eli_bot,https://tapps.center/new
New,https://tapps.center/new,"Bunny Broker
Cute bunny-themed game
OPEN",,https://tapps.center/application/bunnybroker,https://t.me/bunnybroker_bot,https://tapps.center/new
New,https://tapps.center/new,"Venurax VPN
7 days free, then your choice
OPEN",,https://tapps.center/application/venuraxvpn,https://t.me/venuraxvpnbot,https://tapps.center/new
New,https://tapps.center/new,"Uni Battle
Real-time multiplayer arena. Move, eat, grow, split!
OPEN",,https://tapps.center/application/unibattle,https://t.me/unibattlebot,https://tapps.center/new
New,https://tapps.center/new,"PollX
Play quizzes and earn points
OPEN",,https://tapps.center/application/pollx,https://t.me/pollx1bot,https://tapps.center/new
New,https://tapps.center/new,"Game Parsec
Build your galactic empire
OPEN",,https://tapps.center/application/gameparsec,https://t.me/GameParsecBot,https://tapps.center/new
New,https://tapps.center/new,"RunTaskTimer
Goal countdown timers: solo, AI, team.
OPEN",,https://tapps.center/application/runtasktimer,https://t.me/runtasktimer_bot,https://tapps.center/new
New,https://tapps.center/new,"Puff Pals
Cozy reef arcade. Play, build, earn.
OPEN",,https://tapps.center/application/puffpals,https://t.me/PuffPalsBot,https://tapps.center/new
New,https://tapps.center/new,"Grumpys Pub Games
Grumpy's Pub Games
OPEN",,https://tapps.center/application/grumpyspubgames,https://t.me/PubGamesBot,https://tapps.center/new
New,https://tapps.center/new,"Idle Castle Defender
Defend your castle and Earn TON
OPEN",,https://tapps.center/application/idlecastledefender,https://t.me/playcastledefender_bot,https://tapps.center/new
New,https://tapps.center/new,"Neukgu Run
Help Neukgu the wolfdog escape
OPEN",,https://tapps.center/application/neukgurun,https://t.me/Wolfdogrunbot,https://tapps.center/new
New,https://tapps.center/new,"Monster Tap Arena
OPEN",,https://tapps.center/application/monstertaparena,https://t.me/MonsterTapArenaBot,https://tapps.center/new
New,https://tapps.center/new,"Basic reality
NFT pins on the world map
OPEN",,https://tapps.center/application/basicreality,https://t.me/Basic_reality_bot,https://tapps.center/new
New,https://tapps.center/new,"Bridge
Cross Post AI
OPEN",,https://tapps.center/application/bridge,https://t.me/BridgePostBot,https://tapps.center/new
New,https://tapps.center/new,"Zappy
Tap-to-earn on TON
OPEN",,https://tapps.center/application/zappy,https://t.me/zappy_game_bot,https://tapps.center/new
New,https://tapps.center/new,"RAZEX
Neon geometric arcade survival
OPEN",,https://tapps.center/application/razex,https://t.me/RAZEXGameBot,https://tapps.center/new
New,https://tapps.center/new,"AFK
AFK (Away From Keyboard)
OPEN",,https://tapps.center/application/afk,https://t.me/aiafkbot,https://tapps.center/new
New,https://tapps.center/new,"Nexus Dash
Dig, collect, escape, and earn.
OPEN",,https://tapps.center/application/nexusdash,https://t.me/NexusDashGameBot,https://tapps.center/new
New,https://tapps.center/new,"Quantum Bit
21 Millions $QBit Miner
OPEN",,https://tapps.center/application/quantumbit,https://t.me/QBiTminer_bot,https://tapps.center/new
New,https://tapps.center/new,"Nexus Arena
A new dimension of real-time PvP Battles.
OPEN",,https://tapps.center/application/nexusarena,https://t.me/NexusArenaGameBot,https://tapps.center/new
New,https://tapps.center/new,"Nexus Range
Telegram-native shooting range.
OPEN",,https://tapps.center/application/nexusrange,https://t.me/NexusRangeBot,https://tapps.center/new
New,https://tapps.center/new,"Vision Makers AI Hub
Play, Craft, Trade on P2P!
OPEN",,https://tapps.center/application/visionmakersaihub,https://t.me/AITech_Agents_bot,https://tapps.center/new
New,https://tapps.center/new,"Market Scanner
Daily Market Analysis
OPEN",,https://tapps.center/application/marketscanner,https://t.me/dailysignal101_bot,https://tapps.center/new
New,https://tapps.center/new,"LURA
LURA – the key ideas from the world's best books.
OPEN",,https://tapps.center/application/lura,https://t.me/lura_app_bot,https://tapps.center/new
New,https://tapps.center/new,"Towerly
Drop blocks. Earn real TON.
OPEN",,https://tapps.center/application/towerly,https://t.me/TowerlyBot,https://tapps.center/new
New,https://tapps.center/new,"KESS AI
Kess AI | Your AI | Your Support | Your Advantage
OPEN",,https://tapps.center/application/kessai,https://t.me/Kess_ai_tutor_bot,https://tapps.center/new
New,https://tapps.center/new,"Stealth Node VPN
Private VPN with trial & server switching
OPEN",,https://tapps.center/application/stealthnodevpn,https://t.me/StealthNodeVPNBot,https://tapps.center/new
New,https://tapps.center/new,"Whisper
Anonymous Chat, Share, Listen, Connect
OPEN",,https://tapps.center/application/whisper,https://t.me/WhisperRoom_bot,https://tapps.center/new
New,https://tapps.center/new,"Privacy King
Secure local metadata and EXIF scrubber
OPEN",,https://tapps.center/application/privacyking,https://t.me/EXIFSHIELDBOT,https://tapps.center/new
New,https://tapps.center/new,"Fonix Ai
Your AI crypto assistant
OPEN",,https://tapps.center/application/fonixai,https://t.me/Fonix_Aibot,https://tapps.center/new
New,https://tapps.center/new,"Clipline
AI Video Cutter for Shorts | Reels | TikTok
OPEN",,https://tapps.center/application/clipline,https://t.me/Clipline_Bot,https://tapps.center/new
New,https://tapps.center/new,"Link Cleaneer
Removes links and unwanted invites
OPEN",,https://tapps.center/application/linkcleaneer,https://t.me/linkcleaneerbot,https://tapps.center/new
